<?xml version = '1.0' encoding = 'UTF-8'?>
<Table class="oracle.dbtools.crest.model.design.relational.Table" directorySegmentName="seg_0" id="67D8FEF8-B693-5E5A-3182-AB8B3D7A8784" name="CONSULTA">
<createdBy>juanlu</createdBy>
<createdTime>2018-10-21 10:42:24 UTC</createdTime>
<generatorID>493C1A54-1F39-B987-5648-4612E919882D</generatorID>
<ownerDesignName>bbTrack</ownerDesignName>
<allowColumnReorder>false</allowColumnReorder>
<existDependencyGenerateInDDl>true</existDependencyGenerateInDDl>
<parsed>true</parsed>
<columns itemClass="oracle.dbtools.crest.model.design.relational.Column">
<Column name="IdConsulta" id="A4969CC2-8449-4220-E4D1-1C63E6D48F7A">
<createdBy>juanlu</createdBy>
<createdTime>2018-10-21 10:42:24 UTC</createdTime>
<generatorID>D09F8F7A-356A-7C0F-8B87-3EFD24D8BA8C</generatorID>
<ownerDesignName>bbTrack</ownerDesignName>
<useDomainConstraints>false</useDomainConstraints>
<use>1</use>
<logicalDatatype>LOGDT024</logicalDatatype>
<dataTypeSize>45 CHAR</dataTypeSize>
<ownDataTypeParameters>45 CHAR,,</ownDataTypeParameters>
<autoIncrementCycle>false</autoIncrementCycle>
</Column>
<Column name="Localización" id="FA68041D-C9D7-59D9-BCB9-BDCA20BB3AE0">
<createdBy>juanlu</createdBy>
<createdTime>2018-10-21 10:42:24 UTC</createdTime>
<generatorID>61CD2F03-5F95-FC51-8176-C0CDD482F7CB</generatorID>
<ownerDesignName>bbTrack</ownerDesignName>
<useDomainConstraints>false</useDomainConstraints>
<use>1</use>
<logicalDatatype>LOGDT024</logicalDatatype>
<dataTypeSize>45 CHAR</dataTypeSize>
<ownDataTypeParameters>45 CHAR,,</ownDataTypeParameters>
<autoIncrementCycle>false</autoIncrementCycle>
</Column>
<Column name="Centro_sanitario" id="1D236B8B-9A2C-7CC2-F29C-423D29277CB7">
<createdBy>juanlu</createdBy>
<createdTime>2018-10-21 10:42:24 UTC</createdTime>
<generatorID>234CCDB1-BB71-96C8-0F79-6525B09A0BB1</generatorID>
<ownerDesignName>bbTrack</ownerDesignName>
<useDomainConstraints>false</useDomainConstraints>
<use>1</use>
<logicalDatatype>LOGDT024</logicalDatatype>
<dataTypeSize>45 CHAR</dataTypeSize>
<ownDataTypeParameters>45 CHAR,,</ownDataTypeParameters>
<autoIncrementCycle>false</autoIncrementCycle>
</Column>
</columns>
<indexes itemClass="oracle.dbtools.crest.model.design.relational.Index">
<ind_PK_UK id="131F5CBD-FB95-3053-379A-B7D69FA80DE6" name="CONSULTA_PK">
<createdBy>juanlu</createdBy>
<createdTime>2018-10-21 10:42:24 UTC</createdTime>
<generatorID>9467CBB4-6AE9-5DDF-0E22-CFA255B5529F</generatorID>
<ownerDesignName>bbTrack</ownerDesignName>
<pk>true</pk>
<indexState>Primary Constraint</indexState>
<isSurrogateKey>false</isSurrogateKey>
<indexColumnUsage>
<colUsage columnID="A4969CC2-8449-4220-E4D1-1C63E6D48F7A"/>
</indexColumnUsage>
</ind_PK_UK>
</indexes>
</Table>