<?xml version = '1.0' encoding = 'UTF-8'?>
<Table class="oracle.dbtools.crest.model.design.relational.Table" directorySegmentName="seg_0" id="77D8C1DA-B8D0-5FC1-594A-A74F0A005249" name="atiende">
<createdBy>juanlu</createdBy>
<createdTime>2018-10-21 10:42:25 UTC</createdTime>
<ownerDesignName>bbTrack</ownerDesignName>
<allowColumnReorder>false</allowColumnReorder>
<existDependencyGenerateInDDl>true</existDependencyGenerateInDDl>
<parsed>true</parsed>
<columns itemClass="oracle.dbtools.crest.model.design.relational.Column">
<Column name="CONSULTA_IdConsulta" id="3DE960D2-0D27-5A17-5F38-F75ABEB2B528">
<createdBy>juanlu</createdBy>
<createdTime>2018-10-21 10:42:25 UTC</createdTime>
<ownerDesignName>bbTrack</ownerDesignName>
<useDomainConstraints>false</useDomainConstraints>
<use>1</use>
<logicalDatatype>LOGDT024</logicalDatatype>
<dataTypeSize>45 CHAR</dataTypeSize>
<ownDataTypeParameters>,,</ownDataTypeParameters>
<previousColumn>false</previousColumn>
<autoIncrementCycle>false</autoIncrementCycle>
<associations>
<colAssociation fkAssociation="440DF6CC-424D-439F-82CC-CE8FEAAF57FF" referredColumn="A4969CC2-8449-4220-E4D1-1C63E6D48F7A"/>
</associations>
</Column>
<Column name="MÉDICO_Num_Licencia" id="8F5ABB90-6472-746F-B1F8-92643308D844">
<createdBy>juanlu</createdBy>
<createdTime>2018-10-21 10:42:25 UTC</createdTime>
<ownerDesignName>bbTrack</ownerDesignName>
<useDomainConstraints>false</useDomainConstraints>
<use>1</use>
<logicalDatatype>LOGDT024</logicalDatatype>
<dataTypeSize>45 CHAR</dataTypeSize>
<ownDataTypeParameters>,,</ownDataTypeParameters>
<previousColumn>false</previousColumn>
<autoIncrementCycle>false</autoIncrementCycle>
<associations>
<colAssociation fkAssociation="B4BDDE5E-1C30-6876-5DE3-86B86F2588EB" referredColumn="E9148440-F2B6-994A-0C86-97EC77E3FF89"/>
</associations>
</Column>
</columns>
<indexes itemClass="oracle.dbtools.crest.model.design.relational.Index">
<ind_PK_UK id="9EC70EE2-2A92-FE05-9287-669565F45A84" name="atiende_PK">
<createdBy>juanlu</createdBy>
<createdTime>2018-10-21 10:42:25 UTC</createdTime>
<ownerDesignName>bbTrack</ownerDesignName>
<pk>true</pk>
<indexState>Primary Constraint</indexState>
<isSurrogateKey>false</isSurrogateKey>
<indexColumnUsage>
<colUsage columnID="3DE960D2-0D27-5A17-5F38-F75ABEB2B528"/>
<colUsage columnID="8F5ABB90-6472-746F-B1F8-92643308D844"/>
</indexColumnUsage>
</ind_PK_UK>
<ind_PK_UK id="1BB9C6A8-115A-BAEA-1E01-565A26AA1FFE" name="atiende_CONSULTA_FK">
<createdBy>juanlu</createdBy>
<createdTime>2018-10-21 10:42:25 UTC</createdTime>
<generatorID>5C344109-7F38-EF90-581A-1E55F3CDAFBE</generatorID>
<ownerDesignName>bbTrack</ownerDesignName>
<indexState>Foreign Key</indexState>
<isSurrogateKey>false</isSurrogateKey>
<indexColumnUsage>
<colUsage columnID="3DE960D2-0D27-5A17-5F38-F75ABEB2B528"/>
</indexColumnUsage>
</ind_PK_UK>
<ind_PK_UK id="A1C7D37E-33B7-070F-1F53-939B6CF4BBE9" name="atiende_MÉDICO_FK">
<createdBy>juanlu</createdBy>
<createdTime>2018-10-21 10:42:25 UTC</createdTime>
<generatorID>5C344109-7F38-EF90-581A-1E55F3CDAFBE</generatorID>
<ownerDesignName>bbTrack</ownerDesignName>
<indexState>Foreign Key</indexState>
<isSurrogateKey>false</isSurrogateKey>
<indexColumnUsage>
<colUsage columnID="8F5ABB90-6472-746F-B1F8-92643308D844"/>
</indexColumnUsage>
</ind_PK_UK>
</indexes>
</Table>