<?xml version = '1.0' encoding = 'UTF-8'?>
<Table class="oracle.dbtools.crest.model.design.relational.Table" directorySegmentName="seg_0" id="86EB0303-3EF9-D1E9-B18A-26904FD43746" name="HISTORIAL">
<createdBy>juanlu</createdBy>
<createdTime>2018-10-21 10:42:24 UTC</createdTime>
<generatorID>52A98F70-3FE9-B7C2-F30B-8732F86CE715</generatorID>
<ownerDesignName>bbTrack</ownerDesignName>
<allowColumnReorder>false</allowColumnReorder>
<existDependencyGenerateInDDl>true</existDependencyGenerateInDDl>
<parsed>true</parsed>
<columns itemClass="oracle.dbtools.crest.model.design.relational.Column">
<Column name="Fecha_primera_consulta" id="304CE28D-74CE-43D4-F2AF-DB85EB10A2D7">
<createdBy>juanlu</createdBy>
<createdTime>2018-10-21 10:42:24 UTC</createdTime>
<generatorID>CC7F9B2B-4EE6-036C-7A7A-E58E6B1AF52C</generatorID>
<ownerDesignName>bbTrack</ownerDesignName>
<useDomainConstraints>false</useDomainConstraints>
<use>1</use>
<logicalDatatype>LOGDT008</logicalDatatype>
<ownDataTypeParameters>,,</ownDataTypeParameters>
<autoIncrementCycle>false</autoIncrementCycle>
</Column>
<Column name="Estado_paciente" id="20A120F7-281C-6B22-0A5E-F9AF215956FF">
<createdBy>juanlu</createdBy>
<createdTime>2018-10-21 10:42:24 UTC</createdTime>
<generatorID>2041A031-D1C0-D07D-298B-89F163448E2E</generatorID>
<ownerDesignName>bbTrack</ownerDesignName>
<useDomainConstraints>false</useDomainConstraints>
<use>1</use>
<logicalDatatype>LOGDT024</logicalDatatype>
<dataTypeSize>45</dataTypeSize>
<ownDataTypeParameters>45,,</ownDataTypeParameters>
<autoIncrementCycle>false</autoIncrementCycle>
</Column>
<Column name="IdHistorial" id="4B5308AD-2836-8E65-F1FA-72A44CE482C9">
<createdBy>juanlu</createdBy>
<createdTime>2018-10-21 10:42:24 UTC</createdTime>
<generatorID>48B5888A-067C-E6DE-7A85-7E99C28F0DE2</generatorID>
<ownerDesignName>bbTrack</ownerDesignName>
<useDomainConstraints>false</useDomainConstraints>
<use>1</use>
<logicalDatatype>LOGDT024</logicalDatatype>
<dataTypeSize>45</dataTypeSize>
<ownDataTypeParameters>45,,</ownDataTypeParameters>
<autoIncrementCycle>false</autoIncrementCycle>
</Column>
<Column name="PACIENTE_IdPaciente" id="FB2D113B-8ACB-E8C7-C830-62FC849D880C">
<createdBy>juanlu</createdBy>
<createdTime>2018-10-21 10:42:24 UTC</createdTime>
<generatorID>2578AD84-585E-E78E-A26F-B822C0761B17</generatorID>
<ownerDesignName>bbTrack</ownerDesignName>
<useDomainConstraints>false</useDomainConstraints>
<use>1</use>
<logicalDatatype>LOGDT024</logicalDatatype>
<dataTypeSize>45 CHAR</dataTypeSize>
<ownDataTypeParameters>,,</ownDataTypeParameters>
<previousColumn>false</previousColumn>
<autoIncrementCycle>false</autoIncrementCycle>
<associations>
<colAssociation fkAssociation="E784516B-40FF-0B46-8448-981A9F07F523" referredColumn="79BC783D-431D-B343-2155-F9A7DB266507"/>
</associations>
</Column>
</columns>
<indexes itemClass="oracle.dbtools.crest.model.design.relational.Index">
<ind_PK_UK id="BD00D58D-4B51-1DD9-B68D-1CD868D97ADE" name="HISTORIAL_PK">
<createdBy>juanlu</createdBy>
<createdTime>2018-10-21 10:42:24 UTC</createdTime>
<generatorID>96343C54-EB76-4197-2AC3-8E4D2E4266F9</generatorID>
<ownerDesignName>bbTrack</ownerDesignName>
<pk>true</pk>
<indexState>Primary Constraint</indexState>
<isSurrogateKey>false</isSurrogateKey>
<indexColumnUsage>
<colUsage columnID="FB2D113B-8ACB-E8C7-C830-62FC849D880C"/>
<colUsage columnID="4B5308AD-2836-8E65-F1FA-72A44CE482C9"/>
</indexColumnUsage>
</ind_PK_UK>
<ind_PK_UK id="2ABFBE0A-254C-0123-17F8-F3F57563385D" name="HISTORIAL_PACIENTE_FK">
<createdBy>juanlu</createdBy>
<createdTime>2018-10-21 10:42:25 UTC</createdTime>
<generatorID>F1672D51-36B4-182D-AB91-12F9F29AB6CD</generatorID>
<ownerDesignName>bbTrack</ownerDesignName>
<indexState>Foreign Key</indexState>
<isSurrogateKey>false</isSurrogateKey>
<indexColumnUsage>
<colUsage columnID="FB2D113B-8ACB-E8C7-C830-62FC849D880C"/>
</indexColumnUsage>
</ind_PK_UK>
</indexes>
</Table>