<?xml version = '1.0' encoding = 'UTF-8'?>
<Table class="oracle.dbtools.crest.model.design.relational.Table" directorySegmentName="seg_0" id="8A5757F7-9D72-112C-010D-920B625EAB68" name="es_atendido">
<createdBy>juanlu</createdBy>
<createdTime>2018-10-21 10:42:25 UTC</createdTime>
<ownerDesignName>bbTrack</ownerDesignName>
<allowColumnReorder>false</allowColumnReorder>
<existDependencyGenerateInDDl>true</existDependencyGenerateInDDl>
<parsed>true</parsed>
<columns itemClass="oracle.dbtools.crest.model.design.relational.Column">
<Column name="PACIENTE_IdPaciente" id="503C559C-8183-51AD-647B-EB8DFCD7D358">
<createdBy>juanlu</createdBy>
<createdTime>2018-10-21 10:42:25 UTC</createdTime>
<ownerDesignName>bbTrack</ownerDesignName>
<useDomainConstraints>false</useDomainConstraints>
<use>1</use>
<logicalDatatype>LOGDT024</logicalDatatype>
<dataTypeSize>45 CHAR</dataTypeSize>
<ownDataTypeParameters>,,</ownDataTypeParameters>
<previousColumn>false</previousColumn>
<autoIncrementCycle>false</autoIncrementCycle>
<associations>
<colAssociation fkAssociation="AA681816-C579-89F6-A177-28325BD8F7A8" referredColumn="79BC783D-431D-B343-2155-F9A7DB266507"/>
</associations>
</Column>
<Column name="MÉDICO_Num_Licencia" id="8070FB07-A6F2-77C1-6EFA-2E56D9B349CB">
<createdBy>juanlu</createdBy>
<createdTime>2018-10-21 10:42:25 UTC</createdTime>
<ownerDesignName>bbTrack</ownerDesignName>
<useDomainConstraints>false</useDomainConstraints>
<use>1</use>
<logicalDatatype>LOGDT024</logicalDatatype>
<dataTypeSize>45 CHAR</dataTypeSize>
<ownDataTypeParameters>,,</ownDataTypeParameters>
<previousColumn>false</previousColumn>
<autoIncrementCycle>false</autoIncrementCycle>
<associations>
<colAssociation fkAssociation="66C5D05E-D5F5-4B6D-68FC-354BECD195BE" referredColumn="E9148440-F2B6-994A-0C86-97EC77E3FF89"/>
</associations>
</Column>
</columns>
<indexes itemClass="oracle.dbtools.crest.model.design.relational.Index">
<ind_PK_UK id="52C27F7E-D721-691A-E6BD-A6B3483FC7FF" name="es_atendido_PK">
<createdBy>juanlu</createdBy>
<createdTime>2018-10-21 10:42:25 UTC</createdTime>
<ownerDesignName>bbTrack</ownerDesignName>
<pk>true</pk>
<indexState>Primary Constraint</indexState>
<isSurrogateKey>false</isSurrogateKey>
<indexColumnUsage>
<colUsage columnID="503C559C-8183-51AD-647B-EB8DFCD7D358"/>
<colUsage columnID="8070FB07-A6F2-77C1-6EFA-2E56D9B349CB"/>
</indexColumnUsage>
</ind_PK_UK>
<ind_PK_UK id="598E2143-C39A-9BFE-E3D7-E428870B2056" name="es_atendido_PACIENTE_FK">
<createdBy>juanlu</createdBy>
<createdTime>2018-10-21 10:42:25 UTC</createdTime>
<generatorID>C4535234-AE9C-CA91-2AEC-294CC87F847E</generatorID>
<ownerDesignName>bbTrack</ownerDesignName>
<indexState>Foreign Key</indexState>
<isSurrogateKey>false</isSurrogateKey>
<indexColumnUsage>
<colUsage columnID="503C559C-8183-51AD-647B-EB8DFCD7D358"/>
</indexColumnUsage>
</ind_PK_UK>
<ind_PK_UK id="C194F738-B583-EC2E-5159-58D83E7179EC" name="es_atendido_MÉDICO_FK">
<createdBy>juanlu</createdBy>
<createdTime>2018-10-21 10:42:25 UTC</createdTime>
<generatorID>C4535234-AE9C-CA91-2AEC-294CC87F847E</generatorID>
<ownerDesignName>bbTrack</ownerDesignName>
<indexState>Foreign Key</indexState>
<isSurrogateKey>false</isSurrogateKey>
<indexColumnUsage>
<colUsage columnID="8070FB07-A6F2-77C1-6EFA-2E56D9B349CB"/>
</indexColumnUsage>
</ind_PK_UK>
</indexes>
</Table>