<?xml version = '1.0' encoding = 'UTF-8'?>
<Diagram class="oracle.dbtools.crest.swingui.relational.DPVRelational" name="Relational_1" id="5479C278-C1B6-CDFF-E805-EF4F29BD4272">
<createdBy>juanlu</createdBy>
<modifiedBy>juanlu</modifiedBy>
<createdTime>2018-10-21 10:19:56 UTC</createdTime>
<autoRoute>false</autoRoute>
<boxInbox>true</boxInbox>
<showLegend>false</showLegend>
<showLabels>false</showLabels>
<showRelAttributes>false</showRelAttributes>
<gridEnabled>false</gridEnabled>
<showGrid>false</showGrid>
<diagramColor>-1</diagramColor>
<display>false</display>
<notation>1</notation>
<objectViews>
<OView class="oracle.dbtools.crest.swingui.relational.TVTable" oid="1D8A1954-6ED6-7E17-90C9-EEE38BAB35F0" otype="Table" vid="21890046-1D3E-A78B-B0BC-C68A94A29D16">
<hideElementsInCurrentOnly>false</hideElementsInCurrentOnly>
<bounds x="384" y="173" width="157" height="148"/>
</OView>
<OView class="oracle.dbtools.crest.swingui.relational.TVTable" oid="1DACF3F3-23F5-DAA4-75FF-FDB2DC93A081" otype="Table" vid="017472CF-08EC-CB0B-DFB4-A2321E9DB57F">
<hideElementsInCurrentOnly>false</hideElementsInCurrentOnly>
<bounds x="52" y="0" width="145" height="129"/>
</OView>
<OView class="oracle.dbtools.crest.swingui.relational.TVTable" oid="48F32AEC-45C5-DF7E-AF45-B23F18C65365" otype="Table" vid="21C22175-A7E1-D97A-8993-98CF9CF9BC30">
<hideElementsInCurrentOnly>false</hideElementsInCurrentOnly>
<bounds x="175" y="189" width="174" height="144"/>
</OView>
<OView class="oracle.dbtools.crest.swingui.relational.TVTable" oid="6FDED0F3-39F6-3B71-F3C5-864290B40D5C" otype="Table" vid="0A56A3DF-E8E7-B290-98C5-B449766B8797">
<hideElementsInCurrentOnly>false</hideElementsInCurrentOnly>
<bounds x="608" y="179" width="157" height="153"/>
</OView>
<OView class="oracle.dbtools.crest.swingui.relational.TVTable" oid="836B9B61-A735-9115-C0E0-70E8CDAC8942" otype="Table" vid="290E2BEF-F3B9-75D4-74D4-BA45EA45C7E2">
<hideElementsInCurrentOnly>false</hideElementsInCurrentOnly>
<bounds x="768" y="378" width="168" height="148"/>
</OView>
<OView class="oracle.dbtools.crest.swingui.relational.TVTable" oid="B9EB077C-6C64-792A-D350-0991358A8FA9" otype="Table" vid="C3CFF798-64A4-B318-2437-48266A4305CB">
<hideElementsInCurrentOnly>false</hideElementsInCurrentOnly>
<bounds x="279" y="23" width="170" height="110"/>
</OView>
<OView class="oracle.dbtools.crest.swingui.relational.TVTable" oid="D577868A-96C7-13A6-E71C-0887BB574484" otype="Table" vid="739A4FB1-5173-A438-77A2-80DD979ACA1E">
<hideElementsInCurrentOnly>false</hideElementsInCurrentOnly>
<bounds x="524" y="24" width="138" height="90"/>
</OView>
<OView class="oracle.dbtools.crest.swingui.relational.TVTable" oid="DBF487DB-A8F2-3419-E0A9-33985CF536DB" otype="Table" vid="F8634F98-67C5-5EAA-577A-0CB3AB24BA75">
<hideElementsInCurrentOnly>false</hideElementsInCurrentOnly>
<bounds x="46" y="366" width="170" height="110"/>
</OView>
<OView class="oracle.dbtools.crest.swingui.relational.TVTable" oid="F7A40DE3-DDD6-F11A-51B5-FE411355DB58" otype="Table" vid="53596D93-C36C-51D5-A426-872D5FFC48F0">
<hideElementsInCurrentOnly>false</hideElementsInCurrentOnly>
<bounds x="750" y="30" width="170" height="110"/>
</OView>
</objectViews>
<connectors>
<Connector class="oracle.dbtools.crest.swingui.relational.TVFKRelation" oid="053AFFC7-F330-2B8D-1682-E1C72B50261A" otype="FKIndexAssociation" vid_source="21C22175-A7E1-D97A-8993-98CF9CF9BC30" vid_target="21890046-1D3E-A78B-B0BC-C68A94A29D16">
<hideElementsInCurrentOnly>false</hideElementsInCurrentOnly>
<backgroundColor>-16777216</backgroundColor>
<lineWidth>1</lineWidth>
<points>
<point x="349" y="255"/>
<point x="384" y="255"/>
</points>
</Connector>
<Connector class="oracle.dbtools.crest.swingui.relational.TVFKRelation" oid="16DF4C89-463F-7D0D-17FE-4022A8134A1B" otype="FKIndexAssociation" vid_source="017472CF-08EC-CB0B-DFB4-A2321E9DB57F" vid_target="21C22175-A7E1-D97A-8993-98CF9CF9BC30">
<hideElementsInCurrentOnly>false</hideElementsInCurrentOnly>
<backgroundColor>-16777216</backgroundColor>
<lineWidth>1</lineWidth>
<points>
<point x="186" y="129"/>
<point x="186" y="189"/>
</points>
</Connector>
<Connector class="oracle.dbtools.crest.swingui.relational.TVFKRelation" oid="18295ED9-DBD2-0656-4B09-CA32C9346BBB" otype="FKIndexAssociation" vid_source="290E2BEF-F3B9-75D4-74D4-BA45EA45C7E2" vid_target="F8634F98-67C5-5EAA-577A-0CB3AB24BA75">
<hideElementsInCurrentOnly>false</hideElementsInCurrentOnly>
<backgroundColor>-16777216</backgroundColor>
<lineWidth>1</lineWidth>
<points>
<point x="768" y="427"/>
<point x="216" y="427"/>
</points>
</Connector>
<Connector class="oracle.dbtools.crest.swingui.relational.TVFKRelation" oid="3C722E03-5321-0850-AAB8-5B17EABC4D70" otype="FKIndexAssociation" vid_source="739A4FB1-5173-A438-77A2-80DD979ACA1E" vid_target="C3CFF798-64A4-B318-2437-48266A4305CB">
<hideElementsInCurrentOnly>false</hideElementsInCurrentOnly>
<backgroundColor>-16777216</backgroundColor>
<lineWidth>1</lineWidth>
<points>
<point x="524" y="69"/>
<point x="449" y="69"/>
</points>
</Connector>
<Connector class="oracle.dbtools.crest.swingui.relational.TVFKRelation" oid="57C5553C-D8BC-C708-C559-A60F5C39F7D2" otype="FKIndexAssociation" vid_source="290E2BEF-F3B9-75D4-74D4-BA45EA45C7E2" vid_target="53596D93-C36C-51D5-A426-872D5FFC48F0">
<hideElementsInCurrentOnly>false</hideElementsInCurrentOnly>
<backgroundColor>-16777216</backgroundColor>
<lineWidth>1</lineWidth>
<points>
<point x="844" y="378"/>
<point x="844" y="140"/>
</points>
</Connector>
<Connector class="oracle.dbtools.crest.swingui.relational.TVFKRelation" oid="61E735C8-9AA2-2BF1-227A-DF5B5372D9E1" otype="FKIndexAssociation" vid_source="739A4FB1-5173-A438-77A2-80DD979ACA1E" vid_target="53596D93-C36C-51D5-A426-872D5FFC48F0">
<hideElementsInCurrentOnly>false</hideElementsInCurrentOnly>
<backgroundColor>-16777216</backgroundColor>
<lineWidth>1</lineWidth>
<points>
<point x="662" y="72"/>
<point x="750" y="72"/>
</points>
</Connector>
<Connector class="oracle.dbtools.crest.swingui.relational.TVFKRelation" oid="62247C71-CB22-0F7F-9F00-CB37F2018C49" otype="FKIndexAssociation" vid_source="739A4FB1-5173-A438-77A2-80DD979ACA1E" vid_target="21890046-1D3E-A78B-B0BC-C68A94A29D16">
<hideElementsInCurrentOnly>false</hideElementsInCurrentOnly>
<backgroundColor>-16777216</backgroundColor>
<lineWidth>1</lineWidth>
<points>
<point x="532" y="114"/>
<point x="532" y="173"/>
</points>
</Connector>
<Connector class="oracle.dbtools.crest.swingui.relational.TVFKRelation" oid="A1B9C5AC-95E8-7D0D-00F5-1ACBF3E1DED4" otype="FKIndexAssociation" vid_source="017472CF-08EC-CB0B-DFB4-A2321E9DB57F" vid_target="F8634F98-67C5-5EAA-577A-0CB3AB24BA75">
<hideElementsInCurrentOnly>false</hideElementsInCurrentOnly>
<backgroundColor>-16777216</backgroundColor>
<lineWidth>1</lineWidth>
<points>
<point x="124" y="129"/>
<point x="124" y="366"/>
</points>
</Connector>
<Connector class="oracle.dbtools.crest.swingui.relational.TVFKRelation" oid="A37C48B2-E7CF-A9E8-75B1-F9A1F69A726C" otype="FKIndexAssociation" vid_source="290E2BEF-F3B9-75D4-74D4-BA45EA45C7E2" vid_target="0A56A3DF-E8E7-B290-98C5-B449766B8797">
<hideElementsInCurrentOnly>false</hideElementsInCurrentOnly>
<backgroundColor>-16777216</backgroundColor>
<lineWidth>1</lineWidth>
<points>
<point x="789" y="378"/>
<point x="750" y="332"/>
</points>
</Connector>
<Connector class="oracle.dbtools.crest.swingui.relational.TVFKRelation" oid="E26748C4-E4C2-6ED9-ACFB-80E85B6319C2" otype="FKIndexAssociation" vid_source="21890046-1D3E-A78B-B0BC-C68A94A29D16" vid_target="0A56A3DF-E8E7-B290-98C5-B449766B8797">
<hideElementsInCurrentOnly>false</hideElementsInCurrentOnly>
<backgroundColor>-16777216</backgroundColor>
<lineWidth>1</lineWidth>
<points>
<point x="541" y="250"/>
<point x="608" y="250"/>
</points>
</Connector>
<Connector class="oracle.dbtools.crest.swingui.relational.TVFKRelation" oid="E79EE0A8-819E-3088-5A1E-7F543B56A3E1" otype="FKIndexAssociation" vid_source="017472CF-08EC-CB0B-DFB4-A2321E9DB57F" vid_target="017472CF-08EC-CB0B-DFB4-A2321E9DB57F">
<hideElementsInCurrentOnly>false</hideElementsInCurrentOnly>
<backgroundColor>-16777216</backgroundColor>
<lineWidth>1</lineWidth>
<points>
<point x="197" y="75"/>
<point x="247" y="75"/>
<point x="247" y="179"/>
<point x="137" y="179"/>
<point x="137" y="129"/>
</points>
</Connector>
<Connector class="oracle.dbtools.crest.swingui.relational.TVFKRelation" oid="F7BA0F04-70EE-F045-A720-B523962E31A8" otype="FKIndexAssociation" vid_source="017472CF-08EC-CB0B-DFB4-A2321E9DB57F" vid_target="C3CFF798-64A4-B318-2437-48266A4305CB">
<hideElementsInCurrentOnly>false</hideElementsInCurrentOnly>
<backgroundColor>-16777216</backgroundColor>
<lineWidth>1</lineWidth>
<points>
<point x="197" y="91"/>
<point x="279" y="91"/>
</points>
</Connector>
</connectors>
</Diagram>