<?xml version = '1.0' encoding = 'UTF-8'?>
<Entity class="oracle.dbtools.crest.model.design.logical.Entity" directorySegmentName="seg_0" id="52A98F70-3FE9-B7C2-F30B-8732F86CE715" name="HISTORIAL">
<createdBy>juanlu</createdBy>
<createdTime>2018-10-18 07:40:08 UTC</createdTime>
<ownerDesignName>bbTrack</ownerDesignName>
<engineerTo>
<item key="43F743DA-127E-DF21-F3B4-275DAC917F87" value="true"/>
</engineerTo>
<adequatelyNormalized>NO</adequatelyNormalized>
<expectedVolumes>0</expectedVolumes>
<fwdEngineeringStrategyName>Single Table</fwdEngineeringStrategyName>
<growthPercent>0</growthPercent>
<growthType>Year</growthType>
<maxVolumes>9999999</maxVolumes>
<minVolumes>0</minVolumes>
<normalForm>Third</normalForm>
<attributes itemClass="oracle.dbtools.crest.model.design.logical.Attribute">
<Attribute name="Fecha_primera_consulta" id="CC7F9B2B-4EE6-036C-7A7A-E58E6B1AF52C">
<createdBy>juanlu</createdBy>
<createdTime>2018-10-18 07:40:28 UTC</createdTime>
<ownerDesignName>bbTrack</ownerDesignName>
<engineerTo>
<item key="43F743DA-127E-DF21-F3B4-275DAC917F87" value="true"/>
</engineerTo>
<useDomainConstraints>false</useDomainConstraints>
<use>1</use>
<logicalDatatype>LOGDT008</logicalDatatype>
<ownDataTypeParameters>,,</ownDataTypeParameters>
</Attribute>
<Attribute name="Estado_paciente" id="2041A031-D1C0-D07D-298B-89F163448E2E">
<createdBy>juanlu</createdBy>
<createdTime>2018-10-18 07:40:29 UTC</createdTime>
<ownerDesignName>bbTrack</ownerDesignName>
<engineerTo>
<item key="43F743DA-127E-DF21-F3B4-275DAC917F87" value="true"/>
</engineerTo>
<useDomainConstraints>false</useDomainConstraints>
<use>1</use>
<logicalDatatype>LOGDT024</logicalDatatype>
<dataTypeSize>45</dataTypeSize>
<ownDataTypeParameters>45,,</ownDataTypeParameters>
</Attribute>
<Attribute name="IdHistorial" id="48B5888A-067C-E6DE-7A85-7E99C28F0DE2">
<createdBy>juanlu</createdBy>
<createdTime>2018-10-18 07:45:14 UTC</createdTime>
<ownerDesignName>bbTrack</ownerDesignName>
<engineerTo>
<item key="43F743DA-127E-DF21-F3B4-275DAC917F87" value="true"/>
</engineerTo>
<useDomainConstraints>false</useDomainConstraints>
<use>1</use>
<logicalDatatype>LOGDT024</logicalDatatype>
<dataTypeSize>45</dataTypeSize>
<ownDataTypeParameters>45,,</ownDataTypeParameters>
</Attribute>
<Attribute name="IdPaciente" id="2578AD84-585E-E78E-A26F-B822C0761B17">
<createdBy>juanlu</createdBy>
<createdTime>2018-10-18 07:51:55 UTC</createdTime>
<generatorID>F1672D51-36B4-182D-AB91-12F9F29AB6CD</generatorID>
<ownerDesignName>bbTrack</ownerDesignName>
<engineerTo>
<item key="43F743DA-127E-DF21-F3B4-275DAC917F87" value="true"/>
</engineerTo>
<referedAttribute>F6D19D85-C05A-92B6-76CF-25BF7FD90193</referedAttribute>
<useDomainConstraints>false</useDomainConstraints>
<use>1</use>
<logicalDatatype>LOGDT024</logicalDatatype>
<dataTypeSize>45 CHAR</dataTypeSize>
<ownDataTypeParameters>,,</ownDataTypeParameters>
</Attribute>
</attributes>
<identifiers itemClass="oracle.dbtools.crest.model.design.logical.CandidateKey">
<identifier id="96343C54-EB76-4197-2AC3-8E4D2E4266F9" name="INFORME PK">
<createdBy>juanlu</createdBy>
<createdTime>2018-10-18 07:51:55 UTC</createdTime>
<ownerDesignName>bbTrack</ownerDesignName>
<engineerTo>
<item key="43F743DA-127E-DF21-F3B4-275DAC917F87" value="true"/>
</engineerTo>
<pk>true</pk>
<usedAttributes>
<attributeRef>2578AD84-585E-E78E-A26F-B822C0761B17</attributeRef>
<attributeRef>48B5888A-067C-E6DE-7A85-7E99C28F0DE2</attributeRef>
</usedAttributes>
</identifier>
</identifiers>
</Entity>