<?xml version = '1.0' encoding = 'UTF-8'?>
<Entity class="oracle.dbtools.crest.model.design.logical.Entity" directorySegmentName="seg_0" id="5446708F-D58A-01FD-23F4-32A2AEDC2E3B" name="INFORME">
<createdBy>juanlu</createdBy>
<createdTime>2018-10-21 10:05:24 UTC</createdTime>
<ownerDesignName>bbTrack</ownerDesignName>
<engineerTo>
<item key="43F743DA-127E-DF21-F3B4-275DAC917F87" value="true"/>
</engineerTo>
<adequatelyNormalized>NO</adequatelyNormalized>
<expectedVolumes>0</expectedVolumes>
<fwdEngineeringStrategyName>Single Table</fwdEngineeringStrategyName>
<growthPercent>0</growthPercent>
<growthType>Year</growthType>
<maxVolumes>9999999</maxVolumes>
<minVolumes>0</minVolumes>
<normalForm>Third</normalForm>
<attributes itemClass="oracle.dbtools.crest.model.design.logical.Attribute">
<Attribute name="IdConsulta" id="DA1B9957-1DC5-AD38-0806-4B8DD78DDAAE">
<createdBy>juanlu</createdBy>
<createdTime>2018-10-21 10:05:31 UTC</createdTime>
<generatorID>CFF65223-8FE9-9E3B-37E4-FAACAD8A665A</generatorID>
<ownerDesignName>bbTrack</ownerDesignName>
<engineerTo>
<item key="43F743DA-127E-DF21-F3B4-275DAC917F87" value="true"/>
</engineerTo>
<referedAttribute>D09F8F7A-356A-7C0F-8B87-3EFD24D8BA8C</referedAttribute>
<useDomainConstraints>false</useDomainConstraints>
<use>1</use>
<logicalDatatype>LOGDT024</logicalDatatype>
<dataTypeSize>45 CHAR</dataTypeSize>
<ownDataTypeParameters>,,</ownDataTypeParameters>
</Attribute>
<Attribute name="idInforme" id="0AFD8834-894A-CE8D-5E39-D636CBA00BE4">
<createdBy>juanlu</createdBy>
<createdTime>2018-10-21 10:05:56 UTC</createdTime>
<ownerDesignName>bbTrack</ownerDesignName>
<engineerTo>
<item key="43F743DA-127E-DF21-F3B4-275DAC917F87" value="true"/>
</engineerTo>
<useDomainConstraints>false</useDomainConstraints>
<use>1</use>
<logicalDatatype>LOGDT024</logicalDatatype>
<dataTypeSize>45 CHAR</dataTypeSize>
<ownDataTypeParameters>45 CHAR,,</ownDataTypeParameters>
</Attribute>
<Attribute name="Contenido" id="EC58977D-70A7-2D8E-BC86-06AA03DD69D7">
<createdBy>juanlu</createdBy>
<createdTime>2018-10-21 10:05:59 UTC</createdTime>
<ownerDesignName>bbTrack</ownerDesignName>
<engineerTo>
<item key="43F743DA-127E-DF21-F3B4-275DAC917F87" value="true"/>
</engineerTo>
<useDomainConstraints>false</useDomainConstraints>
<use>1</use>
<logicalDatatype>LOGDT024</logicalDatatype>
<dataTypeSize>255 CHAR</dataTypeSize>
<ownDataTypeParameters>255 CHAR,,</ownDataTypeParameters>
</Attribute>
<Attribute name="IdPaciente" id="B37EE838-BE96-90B6-5CD6-EAA6B50F2750">
<createdBy>juanlu</createdBy>
<createdTime>2018-10-21 10:19:28 UTC</createdTime>
<generatorID>813F6CA3-17F4-51C0-DB78-5088F93B64E4</generatorID>
<ownerDesignName>bbTrack</ownerDesignName>
<engineerTo>
<item key="43F743DA-127E-DF21-F3B4-275DAC917F87" value="true"/>
</engineerTo>
<referedAttribute>2578AD84-585E-E78E-A26F-B822C0761B17</referedAttribute>
<useDomainConstraints>false</useDomainConstraints>
<use>1</use>
<logicalDatatype>LOGDT024</logicalDatatype>
<dataTypeSize>45 CHAR</dataTypeSize>
<ownDataTypeParameters>,,</ownDataTypeParameters>
</Attribute>
<Attribute name="IdHistorial" id="12369511-53B4-67B0-CBE9-53AE6FB723A8">
<createdBy>juanlu</createdBy>
<createdTime>2018-10-21 10:19:28 UTC</createdTime>
<generatorID>813F6CA3-17F4-51C0-DB78-5088F93B64E4</generatorID>
<ownerDesignName>bbTrack</ownerDesignName>
<engineerTo>
<item key="43F743DA-127E-DF21-F3B4-275DAC917F87" value="true"/>
</engineerTo>
<referedAttribute>48B5888A-067C-E6DE-7A85-7E99C28F0DE2</referedAttribute>
<useDomainConstraints>false</useDomainConstraints>
<use>1</use>
<logicalDatatype>LOGDT024</logicalDatatype>
<dataTypeSize>45</dataTypeSize>
<ownDataTypeParameters>,,</ownDataTypeParameters>
</Attribute>
</attributes>
<identifiers itemClass="oracle.dbtools.crest.model.design.logical.CandidateKey">
<identifier id="2BCD6111-C598-01E6-9C0E-51C80CCA7BF3" name="INFORME PK">
<createdBy>juanlu</createdBy>
<createdTime>2018-10-21 10:06:04 UTC</createdTime>
<ownerDesignName>bbTrack</ownerDesignName>
<engineerTo>
<item key="43F743DA-127E-DF21-F3B4-275DAC917F87" value="true"/>
</engineerTo>
<pk>true</pk>
<usedAttributes>
<attributeRef>0AFD8834-894A-CE8D-5E39-D636CBA00BE4</attributeRef>
</usedAttributes>
</identifier>
</identifiers>
</Entity>