-- MySQL Script generated by MySQL Workbench
-- Thu Oct 25 17:49:10 2018
-- Model: New Model    Version: 1.0
-- MySQL Workbench Forward Engineering

SET @OLD_UNIQUE_CHECKS=@@UNIQUE_CHECKS, UNIQUE_CHECKS=0;
SET @OLD_FOREIGN_KEY_CHECKS=@@FOREIGN_KEY_CHECKS, FOREIGN_KEY_CHECKS=0;
SET @OLD_SQL_MODE=@@SQL_MODE, SQL_MODE='ONLY_FULL_GROUP_BY,STRICT_TRANS_TABLES,NO_ZERO_IN_DATE,NO_ZERO_DATE,ERROR_FOR_DIVISION_BY_ZERO,NO_ENGINE_SUBSTITUTION';

-- -----------------------------------------------------
-- Schema BBtrack
-- -----------------------------------------------------
DROP SCHEMA IF EXISTS `BBtrack` ;

-- -----------------------------------------------------
-- Schema BBtrack
-- -----------------------------------------------------
CREATE SCHEMA IF NOT EXISTS `BBtrack` DEFAULT CHARACTER SET utf8 ;
USE `BBtrack` ;

-- -----------------------------------------------------
-- Table `BBtrack`.`PACIENTE`
-- -----------------------------------------------------
DROP TABLE IF EXISTS `BBtrack`.`PACIENTE` ;

CREATE TABLE IF NOT EXISTS `BBtrack`.`PACIENTE` (
  `idPaciente` VARCHAR(45) NOT NULL,
  `Nombre` VARCHAR(45) NOT NULL,
  `NUSS` VARCHAR(45) NOT NULL,
  `Sexo` ENUM("Hombre", "Mujer") NOT NULL,
  `Fecha_nacimiento` DATETIME NOT NULL,
  `Localidad` VARCHAR(45) NOT NULL,
  `Domicilio` VARCHAR(45) NOT NULL,
  `Apellidos` VARCHAR(45) NOT NULL,
  `Teléfono` VARCHAR(13) NULL,
  `Correo_electrónico` VARCHAR(45) NULL,
  `Embarazada` TINYINT NOT NULL,
  `FPP` DATETIME NULL,
  PRIMARY KEY (`idPaciente`),
  UNIQUE INDEX `NUSS_UNIQUE` (`NUSS` ASC) VISIBLE)
ENGINE = InnoDB;


-- -----------------------------------------------------
-- Table `BBtrack`.`CONSULTA`
-- -----------------------------------------------------
DROP TABLE IF EXISTS `BBtrack`.`CONSULTA` ;

CREATE TABLE IF NOT EXISTS `BBtrack`.`CONSULTA` (
  `idCosulta` VARCHAR(45) NOT NULL,
  `Localizacion` VARCHAR(125) NOT NULL,
  `Centro_sanitario` VARCHAR(45) NOT NULL,
  PRIMARY KEY (`idCosulta`))
ENGINE = InnoDB;


-- -----------------------------------------------------
-- Table `BBtrack`.`MEDICO`
-- -----------------------------------------------------
DROP TABLE IF EXISTS `BBtrack`.`MEDICO` ;

CREATE TABLE IF NOT EXISTS `BBtrack`.`MEDICO` (
  `Licencia` VARCHAR(45) NOT NULL,
  `Nombre` VARCHAR(45) NOT NULL,
  `Apellidos` VARCHAR(45) NOT NULL,
  `Sexo` ENUM("Hombre", "Mujer") NOT NULL,
  `Especialidad` VARCHAR(45) NOT NULL,
  PRIMARY KEY (`Licencia`),
  INDEX `Apellido` (`Apellidos` ASC) VISIBLE)
ENGINE = InnoDB;


-- -----------------------------------------------------
-- Table `BBtrack`.`HISTORIAL`
-- -----------------------------------------------------
DROP TABLE IF EXISTS `BBtrack`.`HISTORIAL` ;

CREATE TABLE IF NOT EXISTS `BBtrack`.`HISTORIAL` (
  `IdHistorial` VARCHAR(45) NOT NULL,
  `Fecha_primera_consulta` DATETIME NOT NULL,
  `PACIENTE_idPaciente` VARCHAR(45) NOT NULL,
  `Vacunas` VARCHAR(245) NOT NULL,
  PRIMARY KEY (`IdHistorial`),
  INDEX `fk_HISTORIAL_PACIENTE1_idx` (`PACIENTE_idPaciente` ASC) VISIBLE,
  CONSTRAINT `fk_HISTORIAL_PACIENTE1`
    FOREIGN KEY (`PACIENTE_idPaciente`)
    REFERENCES `BBtrack`.`PACIENTE` (`idPaciente`)
    ON DELETE NO ACTION
    ON UPDATE NO ACTION)
ENGINE = InnoDB;


-- -----------------------------------------------------
-- Table `BBtrack`.`INFORME`
-- -----------------------------------------------------
DROP TABLE IF EXISTS `BBtrack`.`INFORME` ;

CREATE TABLE IF NOT EXISTS `BBtrack`.`INFORME` (
  `idInforme` VARCHAR(45) NOT NULL,
  `Estado_paciente` VARCHAR(45) NOT NULL,
  `Diagnostico` VARCHAR(255) NOT NULL,
  `HISTORIAL_IdHistorial` VARCHAR(45) NOT NULL,
  `CONSULTA_idCosulta` VARCHAR(45) NOT NULL,
  PRIMARY KEY (`idInforme`, `CONSULTA_idCosulta`),
  INDEX `fk_INFORME_HISTORIAL1_idx` (`HISTORIAL_IdHistorial` ASC) VISIBLE,
  INDEX `fk_INFORME_CONSULTA1_idx` (`CONSULTA_idCosulta` ASC) VISIBLE,
  CONSTRAINT `fk_INFORME_HISTORIAL1`
    FOREIGN KEY (`HISTORIAL_IdHistorial`)
    REFERENCES `BBtrack`.`HISTORIAL` (`IdHistorial`)
    ON DELETE NO ACTION
    ON UPDATE NO ACTION,
  CONSTRAINT `fk_INFORME_CONSULTA1`
    FOREIGN KEY (`CONSULTA_idCosulta`)
    REFERENCES `BBtrack`.`CONSULTA` (`idCosulta`)
    ON DELETE NO ACTION
    ON UPDATE NO ACTION)
ENGINE = InnoDB;


-- -----------------------------------------------------
-- Table `BBtrack`.`PRUEBA`
-- -----------------------------------------------------
DROP TABLE IF EXISTS `BBtrack`.`PRUEBA` ;

CREATE TABLE IF NOT EXISTS `BBtrack`.`PRUEBA` (
  `idPruebas` VARCHAR(45) NOT NULL,
  `Observaciones` VARCHAR(255) NOT NULL,
  `Id_externo` VARCHAR(45) NOT NULL,
  `Tipo` ENUM("Rutinaria", "Especial") NOT NULL,
  `MEDICO_Licencia` VARCHAR(45) NOT NULL,
  `INFORME_idInforme` VARCHAR(45) NOT NULL,
  `Nombre` VARCHAR(45) NOT NULL,
  PRIMARY KEY (`idPruebas`, `MEDICO_Licencia`),
  UNIQUE INDEX `IdPrueba_externo_UNIQUE` (`Id_externo` ASC) VISIBLE,
  INDEX `Tipo` (`Tipo` ASC) VISIBLE,
  INDEX `fk_PRUEBA_MEDICO1_idx` (`MEDICO_Licencia` ASC) VISIBLE,
  INDEX `fk_PRUEBA_INFORME1_idx` (`INFORME_idInforme` ASC) VISIBLE,
  CONSTRAINT `fk_PRUEBA_MEDICO1`
    FOREIGN KEY (`MEDICO_Licencia`)
    REFERENCES `BBtrack`.`MEDICO` (`Licencia`)
    ON DELETE NO ACTION
    ON UPDATE NO ACTION,
  CONSTRAINT `fk_PRUEBA_INFORME1`
    FOREIGN KEY (`INFORME_idInforme`)
    REFERENCES `BBtrack`.`INFORME` (`idInforme`)
    ON DELETE NO ACTION
    ON UPDATE NO ACTION)
ENGINE = InnoDB;


-- -----------------------------------------------------
-- Table `BBtrack`.`Paciente_has_Paciente`
-- -----------------------------------------------------
DROP TABLE IF EXISTS `BBtrack`.`Paciente_has_Paciente` ;

CREATE TABLE IF NOT EXISTS `BBtrack`.`Paciente_has_Paciente` (
  `Paciente_idPaciente` INT NOT NULL,
  `Paciente_NUSS` VARCHAR(45) NOT NULL,
  `Paciente_idPaciente1` INT NOT NULL,
  `Paciente_NUSS1` VARCHAR(45) NOT NULL,
  PRIMARY KEY (`Paciente_idPaciente`, `Paciente_NUSS`, `Paciente_idPaciente1`, `Paciente_NUSS1`),
  INDEX `fk_Paciente_has_Paciente_Paciente1_idx` (`Paciente_idPaciente1` ASC, `Paciente_NUSS1` ASC) VISIBLE,
  INDEX `fk_Paciente_has_Paciente_Paciente_idx` (`Paciente_idPaciente` ASC, `Paciente_NUSS` ASC) VISIBLE,
  CONSTRAINT `fk_Paciente_has_Paciente_Paciente`
    FOREIGN KEY (`Paciente_idPaciente` , `Paciente_NUSS`)
    REFERENCES `BBtrack`.`PACIENTE` (`idPaciente` , `NUSS`)
    ON DELETE NO ACTION
    ON UPDATE NO ACTION,
  CONSTRAINT `fk_Paciente_has_Paciente_Paciente1`
    FOREIGN KEY (`Paciente_idPaciente1` , `Paciente_NUSS1`)
    REFERENCES `BBtrack`.`PACIENTE` (`idPaciente` , `NUSS`)
    ON DELETE NO ACTION
    ON UPDATE NO ACTION)
ENGINE = InnoDB;


-- -----------------------------------------------------
-- Table `BBtrack`.`consulta`
-- -----------------------------------------------------
DROP TABLE IF EXISTS `BBtrack`.`consulta` ;

CREATE TABLE IF NOT EXISTS `BBtrack`.`consulta` (
  `idconsulta` VARCHAR(45) NOT NULL,
  `localización` VARCHAR(45) NOT NULL,
  `centro_sanitario` VARCHAR(45) NOT NULL,
  PRIMARY KEY (`idconsulta`));


-- -----------------------------------------------------
-- Table `BBtrack`.`paciente`
-- -----------------------------------------------------
DROP TABLE IF EXISTS `BBtrack`.`paciente` ;

CREATE TABLE IF NOT EXISTS `BBtrack`.`paciente` (
  `idpaciente` VARCHAR(45) NOT NULL,
  `nombre` VARCHAR(45) NOT NULL,
  `nuss` VARCHAR(45) NOT NULL,
  `sexo` VARCHAR(45) NOT NULL,
  `fecha_nacimiento` DATE NOT NULL,
  `domicilio` VARCHAR(100) NOT NULL,
  `apellidos` VARCHAR(45) NOT NULL,
  `localidad` VARCHAR(45) NOT NULL,
  `paciente_idpaciente` VARCHAR(45) NOT NULL,
  `telefono` VARCHAR(13) NULL DEFAULT NULL,
  `correo_electrocnico` VARCHAR(45) NULL DEFAULT NULL,
  PRIMARY KEY (`idpaciente`),
  INDEX `paciente_paciente_fk` (`paciente_idpaciente` ASC) VISIBLE,
  CONSTRAINT `paciente_paciente_fk`
    FOREIGN KEY (`paciente_idpaciente`)
    REFERENCES `BBtrack`.`paciente` (`idpaciente`),
  CONSTRAINT `paciente_paciente_fk`
    FOREIGN KEY (`paciente_idpaciente`)
    REFERENCES `BBtrack`.`paciente` (`idpaciente`));


-- -----------------------------------------------------
-- Table `BBtrack`.`asiste_a`
-- -----------------------------------------------------
DROP TABLE IF EXISTS `BBtrack`.`asiste_a` ;

CREATE TABLE IF NOT EXISTS `BBtrack`.`asiste_a` (
  `PACIENTE_idPaciente` VARCHAR(45) NOT NULL,
  `CONSULTA_idCosulta` VARCHAR(45) NOT NULL,
  `Fecha_consulta` DATETIME NOT NULL,
  `Es_urgente` TINYINT NOT NULL,
  PRIMARY KEY (`PACIENTE_idPaciente`, `CONSULTA_idCosulta`),
  INDEX `fk_PACIENTE_has_CONSULTA_CONSULTA1_idx` (`CONSULTA_idCosulta` ASC) VISIBLE,
  INDEX `fk_PACIENTE_has_CONSULTA_PACIENTE1_idx` (`PACIENTE_idPaciente` ASC) VISIBLE,
  CONSTRAINT `fk_PACIENTE_has_CONSULTA_PACIENTE1`
    FOREIGN KEY (`PACIENTE_idPaciente`)
    REFERENCES `BBtrack`.`PACIENTE` (`idPaciente`)
    ON DELETE NO ACTION
    ON UPDATE NO ACTION,
  CONSTRAINT `fk_PACIENTE_has_CONSULTA_CONSULTA1`
    FOREIGN KEY (`CONSULTA_idCosulta`)
    REFERENCES `BBtrack`.`CONSULTA` (`idCosulta`)
    ON DELETE NO ACTION
    ON UPDATE NO ACTION)
ENGINE = InnoDB;


-- -----------------------------------------------------
-- Table `BBtrack`.`médico`
-- -----------------------------------------------------
DROP TABLE IF EXISTS `BBtrack`.`médico` ;

CREATE TABLE IF NOT EXISTS `BBtrack`.`médico` (
  `num_licencia` VARCHAR(45) NOT NULL,
  `nombre` VARCHAR(45) NOT NULL,
  `apellidos` VARCHAR(45) NOT NULL,
  `sexo` VARCHAR(45) NOT NULL,
  `especialidad` VARCHAR(45) NOT NULL,
  `cargo` VARCHAR(45) NOT NULL,
  PRIMARY KEY (`num_licencia`));


-- -----------------------------------------------------
-- Table `BBtrack`.`atiende`
-- -----------------------------------------------------
DROP TABLE IF EXISTS `BBtrack`.`atiende` ;

CREATE TABLE IF NOT EXISTS `BBtrack`.`atiende` (
  `CONSULTA_idCosulta` VARCHAR(45) NOT NULL,
  `MEDICO_Licencia` VARCHAR(45) NOT NULL,
  PRIMARY KEY (`CONSULTA_idCosulta`, `MEDICO_Licencia`),
  INDEX `fk_CONSULTA_has_MEDICO_MEDICO1_idx` (`MEDICO_Licencia` ASC) VISIBLE,
  INDEX `fk_CONSULTA_has_MEDICO_CONSULTA1_idx` (`CONSULTA_idCosulta` ASC) VISIBLE,
  CONSTRAINT `fk_CONSULTA_has_MEDICO_CONSULTA1`
    FOREIGN KEY (`CONSULTA_idCosulta`)
    REFERENCES `BBtrack`.`CONSULTA` (`idCosulta`)
    ON DELETE NO ACTION
    ON UPDATE NO ACTION,
  CONSTRAINT `fk_CONSULTA_has_MEDICO_MEDICO1`
    FOREIGN KEY (`MEDICO_Licencia`)
    REFERENCES `BBtrack`.`MEDICO` (`Licencia`)
    ON DELETE NO ACTION
    ON UPDATE NO ACTION)
ENGINE = InnoDB;


-- -----------------------------------------------------
-- Table `BBtrack`.`es_atendido`
-- -----------------------------------------------------
DROP TABLE IF EXISTS `BBtrack`.`es_atendido` ;

CREATE TABLE IF NOT EXISTS `BBtrack`.`es_atendido` (
  `PACIENTE_idPaciente` VARCHAR(45) NOT NULL,
  `MEDICO_Licencia` VARCHAR(45) NOT NULL,
  `Sintomas` VARCHAR(245) NULL,
  PRIMARY KEY (`MEDICO_Licencia`, `PACIENTE_idPaciente`),
  INDEX `fk_PACIENTE_has_MEDICO_MEDICO1_idx` (`MEDICO_Licencia` ASC) VISIBLE,
  INDEX `fk_PACIENTE_has_MEDICO_PACIENTE1_idx` (`PACIENTE_idPaciente` ASC) VISIBLE,
  CONSTRAINT `fk_PACIENTE_has_MEDICO_PACIENTE1`
    FOREIGN KEY (`PACIENTE_idPaciente`)
    REFERENCES `BBtrack`.`PACIENTE` (`idPaciente`)
    ON DELETE NO ACTION
    ON UPDATE NO ACTION,
  CONSTRAINT `fk_PACIENTE_has_MEDICO_MEDICO1`
    FOREIGN KEY (`MEDICO_Licencia`)
    REFERENCES `BBtrack`.`MEDICO` (`Licencia`)
    ON DELETE NO ACTION
    ON UPDATE NO ACTION)
ENGINE = InnoDB;


-- -----------------------------------------------------
-- Table `BBtrack`.`historial`
-- -----------------------------------------------------
DROP TABLE IF EXISTS `BBtrack`.`historial` ;

CREATE TABLE IF NOT EXISTS `BBtrack`.`historial` (
  `fecha_primera_consulta` DATE NOT NULL,
  `estado_paciente` VARCHAR(45) NOT NULL,
  `idhistorial` VARCHAR(45) NOT NULL,
  `paciente_idpaciente` VARCHAR(45) NOT NULL,
  PRIMARY KEY (`paciente_idpaciente`, `idhistorial`),
  CONSTRAINT `historial_paciente_fk`
    FOREIGN KEY (`paciente_idpaciente`)
    REFERENCES `BBtrack`.`paciente` (`idpaciente`),
  CONSTRAINT `historial_paciente_fk`
    FOREIGN KEY (`paciente_idpaciente`)
    REFERENCES `BBtrack`.`paciente` (`idpaciente`));


-- -----------------------------------------------------
-- Table `BBtrack`.`informe`
-- -----------------------------------------------------
DROP TABLE IF EXISTS `BBtrack`.`informe` ;

CREATE TABLE IF NOT EXISTS `BBtrack`.`informe` (
  `consulta_idconsulta` VARCHAR(45) NOT NULL,
  `idinforme` VARCHAR(45) NOT NULL,
  `contenido` VARCHAR(255) NOT NULL,
  `historial_idpaciente` VARCHAR(45) NOT NULL,
  `historial_idhistorial` VARCHAR(45) NOT NULL,
  PRIMARY KEY (`idinforme`),
  INDEX `informe_consulta_fk` (`consulta_idconsulta` ASC) VISIBLE,
  INDEX `informe_historial_fk` (`historial_idpaciente` ASC, `historial_idhistorial` ASC) VISIBLE,
  CONSTRAINT `informe_consulta_fk`
    FOREIGN KEY (`consulta_idconsulta`)
    REFERENCES `BBtrack`.`consulta` (`idconsulta`),
  CONSTRAINT `informe_historial_fk`
    FOREIGN KEY (`historial_idpaciente` , `historial_idhistorial`)
    REFERENCES `BBtrack`.`historial` (`paciente_idpaciente` , `idhistorial`),
  CONSTRAINT `informe_consulta_fk`
    FOREIGN KEY (`consulta_idconsulta`)
    REFERENCES `BBtrack`.`consulta` (`idconsulta`),
  CONSTRAINT `informe_historial_fk`
    FOREIGN KEY (`historial_idpaciente` , `historial_idhistorial`)
    REFERENCES `BBtrack`.`historial` (`paciente_idpaciente` , `idhistorial`));


-- -----------------------------------------------------
-- Table `BBtrack`.`pruebas`
-- -----------------------------------------------------
DROP TABLE IF EXISTS `BBtrack`.`pruebas` ;

CREATE TABLE IF NOT EXISTS `BBtrack`.`pruebas` (
  `idprueba` VARCHAR(45) NOT NULL,
  `procedencia` VARCHAR(45) NOT NULL,
  `fecha_solicitud` DATE NOT NULL,
  `fecha_prueba` DATE NOT NULL,
  `técnico` VARCHAR(45) NOT NULL,
  `médico_num_licencia` VARCHAR(45) NOT NULL,
  `informe_idinforme` VARCHAR(45) NOT NULL,
  PRIMARY KEY (`idprueba`),
  INDEX `pruebas_informe_fk` (`informe_idinforme` ASC) VISIBLE,
  INDEX `pruebas_médico_fk` (`médico_num_licencia` ASC) VISIBLE,
  CONSTRAINT `pruebas_informe_fk`
    FOREIGN KEY (`informe_idinforme`)
    REFERENCES `BBtrack`.`informe` (`idinforme`),
  CONSTRAINT `pruebas_médico_fk`
    FOREIGN KEY (`médico_num_licencia`)
    REFERENCES `BBtrack`.`médico` (`num_licencia`),
  CONSTRAINT `pruebas_informe_fk`
    FOREIGN KEY (`informe_idinforme`)
    REFERENCES `BBtrack`.`informe` (`idinforme`),
  CONSTRAINT `pruebas_médico_fk`
    FOREIGN KEY (`médico_num_licencia`)
    REFERENCES `BBtrack`.`médico` (`num_licencia`));


-- -----------------------------------------------------
-- Table `BBtrack`.`es_atendido`
-- -----------------------------------------------------
DROP TABLE IF EXISTS `BBtrack`.`es_atendido` ;

CREATE TABLE IF NOT EXISTS `BBtrack`.`es_atendido` (
  `PACIENTE_idPaciente` VARCHAR(45) NOT NULL,
  `MEDICO_Licencia` VARCHAR(45) NOT NULL,
  `Sintomas` VARCHAR(245) NULL,
  PRIMARY KEY (`MEDICO_Licencia`, `PACIENTE_idPaciente`),
  INDEX `fk_PACIENTE_has_MEDICO_MEDICO1_idx` (`MEDICO_Licencia` ASC) VISIBLE,
  INDEX `fk_PACIENTE_has_MEDICO_PACIENTE1_idx` (`PACIENTE_idPaciente` ASC) VISIBLE,
  CONSTRAINT `fk_PACIENTE_has_MEDICO_PACIENTE1`
    FOREIGN KEY (`PACIENTE_idPaciente`)
    REFERENCES `BBtrack`.`PACIENTE` (`idPaciente`)
    ON DELETE NO ACTION
    ON UPDATE NO ACTION,
  CONSTRAINT `fk_PACIENTE_has_MEDICO_MEDICO1`
    FOREIGN KEY (`MEDICO_Licencia`)
    REFERENCES `BBtrack`.`MEDICO` (`Licencia`)
    ON DELETE NO ACTION
    ON UPDATE NO ACTION)
ENGINE = InnoDB;


-- -----------------------------------------------------
-- Table `BBtrack`.`atiende`
-- -----------------------------------------------------
DROP TABLE IF EXISTS `BBtrack`.`atiende` ;

CREATE TABLE IF NOT EXISTS `BBtrack`.`atiende` (
  `CONSULTA_idCosulta` VARCHAR(45) NOT NULL,
  `MEDICO_Licencia` VARCHAR(45) NOT NULL,
  PRIMARY KEY (`CONSULTA_idCosulta`, `MEDICO_Licencia`),
  INDEX `fk_CONSULTA_has_MEDICO_MEDICO1_idx` (`MEDICO_Licencia` ASC) VISIBLE,
  INDEX `fk_CONSULTA_has_MEDICO_CONSULTA1_idx` (`CONSULTA_idCosulta` ASC) VISIBLE,
  CONSTRAINT `fk_CONSULTA_has_MEDICO_CONSULTA1`
    FOREIGN KEY (`CONSULTA_idCosulta`)
    REFERENCES `BBtrack`.`CONSULTA` (`idCosulta`)
    ON DELETE NO ACTION
    ON UPDATE NO ACTION,
  CONSTRAINT `fk_CONSULTA_has_MEDICO_MEDICO1`
    FOREIGN KEY (`MEDICO_Licencia`)
    REFERENCES `BBtrack`.`MEDICO` (`Licencia`)
    ON DELETE NO ACTION
    ON UPDATE NO ACTION)
ENGINE = InnoDB;


-- -----------------------------------------------------
-- Table `BBtrack`.`asiste_a`
-- -----------------------------------------------------
DROP TABLE IF EXISTS `BBtrack`.`asiste_a` ;

CREATE TABLE IF NOT EXISTS `BBtrack`.`asiste_a` (
  `PACIENTE_idPaciente` VARCHAR(45) NOT NULL,
  `CONSULTA_idCosulta` VARCHAR(45) NOT NULL,
  `Fecha_consulta` DATETIME NOT NULL,
  `Es_urgente` TINYINT NOT NULL,
  PRIMARY KEY (`PACIENTE_idPaciente`, `CONSULTA_idCosulta`),
  INDEX `fk_PACIENTE_has_CONSULTA_CONSULTA1_idx` (`CONSULTA_idCosulta` ASC) VISIBLE,
  INDEX `fk_PACIENTE_has_CONSULTA_PACIENTE1_idx` (`PACIENTE_idPaciente` ASC) VISIBLE,
  CONSTRAINT `fk_PACIENTE_has_CONSULTA_PACIENTE1`
    FOREIGN KEY (`PACIENTE_idPaciente`)
    REFERENCES `BBtrack`.`PACIENTE` (`idPaciente`)
    ON DELETE NO ACTION
    ON UPDATE NO ACTION,
  CONSTRAINT `fk_PACIENTE_has_CONSULTA_CONSULTA1`
    FOREIGN KEY (`CONSULTA_idCosulta`)
    REFERENCES `BBtrack`.`CONSULTA` (`idCosulta`)
    ON DELETE NO ACTION
    ON UPDATE NO ACTION)
ENGINE = InnoDB;


-- -----------------------------------------------------
-- Table `BBtrack`.`FACTOR_DE_RIESGO_PRENATAL`
-- -----------------------------------------------------
DROP TABLE IF EXISTS `BBtrack`.`FACTOR_DE_RIESGO_PRENATAL` ;

CREATE TABLE IF NOT EXISTS `BBtrack`.`FACTOR_DE_RIESGO_PRENATAL` (
  `Antecedentes_familiares` VARCHAR(245) NULL,
  `Factores_psicosociales` VARCHAR(245) NULL,
  `Antecedentes_obstetricos` VARCHAR(245) NULL,
  `Antecedentes_personales` VARCHAR(245) NULL,
  `Patologia_materna` VARCHAR(245) NULL,
  `Riesgos_específicos` VARCHAR(245) NULL,
  `Exposicion_a_teratogenos` VARCHAR(245) NULL,
  `HISTORIAL_IdHistorial` VARCHAR(45) NOT NULL,
  INDEX `fk_FACTOR DE RIESGO PRENATAL_HISTORIAL1_idx` (`HISTORIAL_IdHistorial` ASC) VISIBLE,
  CONSTRAINT `fk_FACTOR DE RIESGO PRENATAL_HISTORIAL1`
    FOREIGN KEY (`HISTORIAL_IdHistorial`)
    REFERENCES `BBtrack`.`HISTORIAL` (`IdHistorial`)
    ON DELETE NO ACTION
    ON UPDATE NO ACTION)
ENGINE = InnoDB;

USE `BBtrack` ;

-- -----------------------------------------------------
-- Placeholder table for view `BBtrack`.`view1`
-- -----------------------------------------------------
CREATE TABLE IF NOT EXISTS `BBtrack`.`view1` (`id` INT);

-- -----------------------------------------------------
-- View `BBtrack`.`view1`
-- -----------------------------------------------------
DROP TABLE IF EXISTS `BBtrack`.`view1`;
DROP VIEW IF EXISTS `BBtrack`.`view1` ;
USE `BBtrack`;


SET SQL_MODE=@OLD_SQL_MODE;
SET FOREIGN_KEY_CHECKS=@OLD_FOREIGN_KEY_CHECKS;
SET UNIQUE_CHECKS=@OLD_UNIQUE_CHECKS;

-- -----------------------------------------------------
-- Data for table `BBtrack`.`PACIENTE`
-- -----------------------------------------------------
START TRANSACTION;
USE `BBtrack`;
INSERT INTO `BBtrack`.`PACIENTE` (`idPaciente`, `Nombre`, `NUSS`, `Sexo`, `Fecha_nacimiento`, `Localidad`, `Domicilio`, `Apellidos`, `Teléfono`, `Correo_electrónico`, `Embarazada`, `FPP`) VALUES ('15815', 'Maria', 'AN-15815', 'Mujer', '1997-12-20', 'Malaga', 'C/Lucena 45', 'Lopez Perez', '724444896', 'mariaLp@bbtrack.es', 0, '');
INSERT INTO `BBtrack`.`PACIENTE` (`idPaciente`, `Nombre`, `NUSS`, `Sexo`, `Fecha_nacimiento`, `Localidad`, `Domicilio`, `Apellidos`, `Teléfono`, `Correo_electrónico`, `Embarazada`, `FPP`) VALUES ('15854', 'Araceli', 'AN-15854', 'Mujer', '1980-12-10', 'Malaga', 'C/Julio de Tormes 46', 'Toscano Medina', '637565322', 'araceliTs@bbtrack.es', 1, '2018-12-10');
INSERT INTO `BBtrack`.`PACIENTE` (`idPaciente`, `Nombre`, `NUSS`, `Sexo`, `Fecha_nacimiento`, `Localidad`, `Domicilio`, `Apellidos`, `Teléfono`, `Correo_electrónico`, `Embarazada`, `FPP`) VALUES ('17084', 'Celia', 'AN-17084', 'Mujer', '1990-02-12', 'Malaga', 'C/Torremolinos 47', 'Del Bosque Santaella', '761635888', 'celiaDl@bbtrack.es', 1, '2018-02-12');
INSERT INTO `BBtrack`.`PACIENTE` (`idPaciente`, `Nombre`, `NUSS`, `Sexo`, `Fecha_nacimiento`, `Localidad`, `Domicilio`, `Apellidos`, `Teléfono`, `Correo_electrónico`, `Embarazada`, `FPP`) VALUES ('10725', 'Leticia', 'AN-10725', 'Mujer', '1996-12-01', 'Malaga', 'C/Tintoreria 48', 'Lara Benitez', '627529703', 'leticiaLr@bbtrack.es', 1, '2018-12-01');
INSERT INTO `BBtrack`.`PACIENTE` (`idPaciente`, `Nombre`, `NUSS`, `Sexo`, `Fecha_nacimiento`, `Localidad`, `Domicilio`, `Apellidos`, `Teléfono`, `Correo_electrónico`, `Embarazada`, `FPP`) VALUES ('11194', 'Leyre', 'AN-11194', 'Mujer', '1992-11-12', 'Malaga', 'C/Union 49', 'Trujillo Ruiz', '691632540', 'leyreTu@bbtrack.es', 1, '2018-11-12');
INSERT INTO `BBtrack`.`PACIENTE` (`idPaciente`, `Nombre`, `NUSS`, `Sexo`, `Fecha_nacimiento`, `Localidad`, `Domicilio`, `Apellidos`, `Teléfono`, `Correo_electrónico`, `Embarazada`, `FPP`) VALUES ('19560', 'Sara', 'AN-19560', 'Mujer', '1991-12-12', 'Malaga', 'C/Larios 50', 'Garcia Molero', '704293198', 'saraGr@bbtrack.es', 1, '2018-12-12');
INSERT INTO `BBtrack`.`PACIENTE` (`idPaciente`, `Nombre`, `NUSS`, `Sexo`, `Fecha_nacimiento`, `Localidad`, `Domicilio`, `Apellidos`, `Teléfono`, `Correo_electrónico`, `Embarazada`, `FPP`) VALUES ('14250', 'Almudena', 'AN-14250', 'Mujer', '1989-12-05', 'Malaga', 'C/Vicente 51', 'Asensio Maside', '654555531', 'almudenaAe@bbtrack.es', 1, '2018-12-05');
INSERT INTO `BBtrack`.`PACIENTE` (`idPaciente`, `Nombre`, `NUSS`, `Sexo`, `Fecha_nacimiento`, `Localidad`, `Domicilio`, `Apellidos`, `Teléfono`, `Correo_electrónico`, `Embarazada`, `FPP`) VALUES ('17785', 'Maria', 'AN-17785', 'Mujer', '1998-01-01', 'Malaga', 'C/Andalucia 52', 'Quiroga Lopez', '685047012', 'mariaQi@bbtrack.es', 1, '2018-01-01');
INSERT INTO `BBtrack`.`PACIENTE` (`idPaciente`, `Nombre`, `NUSS`, `Sexo`, `Fecha_nacimiento`, `Localidad`, `Domicilio`, `Apellidos`, `Teléfono`, `Correo_electrónico`, `Embarazada`, `FPP`) VALUES ('11470', 'Inmaculada', 'AN-11470', 'Mujer', '1997-03-03', 'Malaga', 'C/Malagueta 53', 'Valera Trujillo', '601529436', 'inmaculadaVl@bbtrack.es', 0, '');
INSERT INTO `BBtrack`.`PACIENTE` (`idPaciente`, `Nombre`, `NUSS`, `Sexo`, `Fecha_nacimiento`, `Localidad`, `Domicilio`, `Apellidos`, `Teléfono`, `Correo_electrónico`, `Embarazada`, `FPP`) VALUES ('10009', 'Carmen', 'AN-10009', 'Mujer', '1998-03-04', 'Malaga', 'C/Teatinos 54', 'Benitez Amancio', '769154260', 'carmenBn@bbtrack.es', 1, '2018-03-04');
INSERT INTO `BBtrack`.`PACIENTE` (`idPaciente`, `Nombre`, `NUSS`, `Sexo`, `Fecha_nacimiento`, `Localidad`, `Domicilio`, `Apellidos`, `Teléfono`, `Correo_electrónico`, `Embarazada`, `FPP`) VALUES ('19198', 'Violeta', 'AN-19198', 'Mujer', '1993-05-05', 'Malaga', 'C/Juego de pelota 55', 'Lara Cruz', '663240005', 'violetaLr@bbtrack.es', 1, '2018-05-05');
INSERT INTO `BBtrack`.`PACIENTE` (`idPaciente`, `Nombre`, `NUSS`, `Sexo`, `Fecha_nacimiento`, `Localidad`, `Domicilio`, `Apellidos`, `Teléfono`, `Correo_electrónico`, `Embarazada`, `FPP`) VALUES ('17430', 'Paloma', 'AN-17430', 'Mujer', '1997-07-24', 'Alhaurin de la Torre', 'C/Cordoba 56', 'Amancio Ortega', '751849297', 'palomaAa@bbtrack.es', 0, '');
INSERT INTO `BBtrack`.`PACIENTE` (`idPaciente`, `Nombre`, `NUSS`, `Sexo`, `Fecha_nacimiento`, `Localidad`, `Domicilio`, `Apellidos`, `Teléfono`, `Correo_electrónico`, `Embarazada`, `FPP`) VALUES ('18616', 'Estrella', 'AN-18616', 'Mujer', '1990-03-07', 'Alhaurin de la Torre', 'C/Lucena 57', 'Gonzalez Blanco', '729843321', 'estrellaGn@bbtrack.es', 0, '');
INSERT INTO `BBtrack`.`PACIENTE` (`idPaciente`, `Nombre`, `NUSS`, `Sexo`, `Fecha_nacimiento`, `Localidad`, `Domicilio`, `Apellidos`, `Teléfono`, `Correo_electrónico`, `Embarazada`, `FPP`) VALUES ('12288', 'Dolores', 'AN-12288', 'Mujer', '1997-03-08', 'Alhaurin de la Torre', 'C/Torres 58', 'Ruiz Calzado', '627550890', 'doloresRi@bbtrack.es', 1, '2018-03-08');
INSERT INTO `BBtrack`.`PACIENTE` (`idPaciente`, `Nombre`, `NUSS`, `Sexo`, `Fecha_nacimiento`, `Localidad`, `Domicilio`, `Apellidos`, `Teléfono`, `Correo_electrónico`, `Embarazada`, `FPP`) VALUES ('10169', 'Lucia', 'AN-10169', 'Mujer', '1995-02-09', 'Malaga', 'C/Ventas 59', 'Fernandez Gonzalez', '735258649', 'luciaFr@bbtrack.es', 1, '2018-02-09');
INSERT INTO `BBtrack`.`PACIENTE` (`idPaciente`, `Nombre`, `NUSS`, `Sexo`, `Fecha_nacimiento`, `Localidad`, `Domicilio`, `Apellidos`, `Teléfono`, `Correo_electrónico`, `Embarazada`, `FPP`) VALUES ('11529', 'Dorotea', 'AN-11529', 'Mujer', '1997-03-10', 'Malaga', 'C/Joaquin 60', 'Buendia Calzado', '729626220', 'doroteaBe@bbtrack.es', 1, '2018-03-10');

COMMIT;


-- -----------------------------------------------------
-- Data for table `BBtrack`.`CONSULTA`
-- -----------------------------------------------------
START TRANSACTION;
USE `BBtrack`;
INSERT INTO `BBtrack`.`CONSULTA` (`idCosulta`, `Localizacion`, `Centro_sanitario`) VALUES ('2-02-HC', 'Segunda planta. Puerta 2', 'Hospital Clinico');
INSERT INTO `BBtrack`.`CONSULTA` (`idCosulta`, `Localizacion`, `Centro_sanitario`) VALUES ('1-32-HCH', 'Primera planta. Puerta 32', 'Hospital Carlos Haya');
INSERT INTO `BBtrack`.`CONSULTA` (`idCosulta`, `Localizacion`, `Centro_sanitario`) VALUES ('2-09-HCH', 'Segunda planta. Puerta 09', 'Hospital Carlos Haya');
INSERT INTO `BBtrack`.`CONSULTA` (`idCosulta`, `Localizacion`, `Centro_sanitario`) VALUES ('1-22-HC', 'Primera planta. Puerta 22', 'Hospital Clinico');

COMMIT;


-- -----------------------------------------------------
-- Data for table `BBtrack`.`MEDICO`
-- -----------------------------------------------------
START TRANSACTION;
USE `BBtrack`;
INSERT INTO `BBtrack`.`MEDICO` (`Licencia`, `Nombre`, `Apellidos`, `Sexo`, `Especialidad`) VALUES ('M-23444', 'Miguel', 'Perez Jimenez', 'Hombre', 'Ginecologia');
INSERT INTO `BBtrack`.`MEDICO` (`Licencia`, `Nombre`, `Apellidos`, `Sexo`, `Especialidad`) VALUES ('M-98488', 'Juan', 'Serrano Lopez', 'Hombre', 'Obstetra');
INSERT INTO `BBtrack`.`MEDICO` (`Licencia`, `Nombre`, `Apellidos`, `Sexo`, `Especialidad`) VALUES ('M-43434', 'Enrique', 'Barbarela Benitez', 'Hombre', 'Medico de familia');
INSERT INTO `BBtrack`.`MEDICO` (`Licencia`, `Nombre`, `Apellidos`, `Sexo`, `Especialidad`) VALUES ('M-33048', 'Laura', 'Lara Ruiz', 'Mujer', 'Medico de familia');
INSERT INTO `BBtrack`.`MEDICO` (`Licencia`, `Nombre`, `Apellidos`, `Sexo`, `Especialidad`) VALUES ('M-32349', 'Paloma', 'Jimenez Fernandez', 'Mujer', 'Ginecologia');
INSERT INTO `BBtrack`.`MEDICO` (`Licencia`, `Nombre`, `Apellidos`, `Sexo`, `Especialidad`) VALUES ('M-23494', 'Lucia', 'Toscano Varela', 'Mujer', 'Obstetra');
INSERT INTO `BBtrack`.`MEDICO` (`Licencia`, `Nombre`, `Apellidos`, `Sexo`, `Especialidad`) VALUES ('M-10938', 'Antonio', 'Jurado Martos', 'Hombre', 'Urgencias');
INSERT INTO `BBtrack`.`MEDICO` (`Licencia`, `Nombre`, `Apellidos`, `Sexo`, `Especialidad`) VALUES ('M-99432', 'Maria', 'Pastor Smith', 'Mujer', 'Urgencias');

COMMIT;


-- -----------------------------------------------------
-- Data for table `BBtrack`.`HISTORIAL`
-- -----------------------------------------------------
START TRANSACTION;
USE `BBtrack`;
INSERT INTO `BBtrack`.`HISTORIAL` (`IdHistorial`, `Fecha_primera_consulta`, `PACIENTE_idPaciente`, `Vacunas`) VALUES ('H-15815-202HC-180505', '2018-05-05', '15815', '');
INSERT INTO `BBtrack`.`HISTORIAL` (`IdHistorial`, `Fecha_primera_consulta`, `PACIENTE_idPaciente`, `Vacunas`) VALUES ('H-15854-202HC-180303', '2018-03-03', '15854', '');
INSERT INTO `BBtrack`.`HISTORIAL` (`IdHistorial`, `Fecha_primera_consulta`, `PACIENTE_idPaciente`, `Vacunas`) VALUES ('H-17084-209HCH-180707', '2018-07-07', '17084', '');

COMMIT;


-- -----------------------------------------------------
-- Data for table `BBtrack`.`INFORME`
-- -----------------------------------------------------
START TRANSACTION;
USE `BBtrack`;
INSERT INTO `BBtrack`.`INFORME` (`idInforme`, `Estado_paciente`, `Diagnostico`, `HISTORIAL_IdHistorial`, `CONSULTA_idCosulta`) VALUES ('H-15815-202HC-180505', 'Estable', 'El paciente ha intentado quedarse embarazada y no procede. Se solicita cita con especialista', 'H-15815', '2-02');
INSERT INTO `BBtrack`.`INFORME` (`idInforme`, `Estado_paciente`, `Diagnostico`, `HISTORIAL_IdHistorial`, `CONSULTA_idCosulta`) VALUES ('H-15815-202HC-181005', 'Estable', 'Se solicita analisis de sangre', 'H-15815', '2-02');
INSERT INTO `BBtrack`.`INFORME` (`idInforme`, `Estado_paciente`, `Diagnostico`, `HISTORIAL_IdHistorial`, `CONSULTA_idCosulta`) VALUES ('H-15854-202HC-180303', 'Estable', 'Prueba rutinaria completada', 'H-15854', '2-02');
INSERT INTO `BBtrack`.`INFORME` (`idInforme`, `Estado_paciente`, `Diagnostico`, `HISTORIAL_IdHistorial`, `CONSULTA_idCosulta`) VALUES ('H-15815-122HC-180503', 'Grave inestable', 'El paciente se ha queda inconsciente y se encuentra en observacion', 'H-15854', '1-22');
INSERT INTO `BBtrack`.`INFORME` (`idInforme`, `Estado_paciente`, `Diagnostico`, `HISTORIAL_IdHistorial`, `CONSULTA_idCosulta`) VALUES ('H-17084-209HCH-180707', 'Estable', 'Prueba rutinaria compleada', 'H-17084', '2-09');
INSERT INTO `BBtrack`.`INFORME` (`idInforme`, `Estado_paciente`, `Diagnostico`, `HISTORIAL_IdHistorial`, `CONSULTA_idCosulta`) VALUES ('H-17084-209HCH-180907', 'Grave estable', 'Anginas', 'H-17084', '1-32');

COMMIT;


-- -----------------------------------------------------
-- Data for table `BBtrack`.`PRUEBA`
-- -----------------------------------------------------
START TRANSACTION;
USE `BBtrack`;
INSERT INTO `BBtrack`.`PRUEBA` (`idPruebas`, `Observaciones`, `Id_externo`, `Tipo`, `MEDICO_Licencia`, `INFORME_idInforme`, `Nombre`) VALUES ('P-1', 'Todo correcto', 'P-15854-202HC-180303-1', 'Rutinaria', 'M-98488', 'H-15854-202HC-180303', 'Analisis de sangre');
INSERT INTO `BBtrack`.`PRUEBA` (`idPruebas`, `Observaciones`, `Id_externo`, `Tipo`, `MEDICO_Licencia`, `INFORME_idInforme`, `Nombre`) VALUES ('P-2', 'Toco correcto', 'P-17084-209HCH-180707-1', 'Rutinaria', 'M-23494', 'H-17084-209HCH-180707', 'Analisis de orina');
INSERT INTO `BBtrack`.`PRUEBA` (`idPruebas`, `Observaciones`, `Id_externo`, `Tipo`, `MEDICO_Licencia`, `INFORME_idInforme`, `Nombre`) VALUES ('P-3', 'Todo correcto', 'P-15854-202HC-180303-2', 'Especial', 'M-98488', 'H-15854-202HC-180303', 'Amniocentesis');
INSERT INTO `BBtrack`.`PRUEBA` (`idPruebas`, `Observaciones`, `Id_externo`, `Tipo`, `MEDICO_Licencia`, `INFORME_idInforme`, `Nombre`) VALUES ('P-4', 'Toco correcto', 'P-17084-209HCH-180707-2', 'Rutinaria', 'M-23494', 'H-17084-209HCH-180707', 'Ecografia');

COMMIT;


-- -----------------------------------------------------
-- Data for table `BBtrack`.`es_atendido`
-- -----------------------------------------------------
START TRANSACTION;
USE `BBtrack`;
INSERT INTO `BBtrack`.`es_atendido` (`PACIENTE_idPaciente`, `MEDICO_Licencia`, `Sintomas`) VALUES ('15815', 'M-43434', '');
INSERT INTO `BBtrack`.`es_atendido` (`PACIENTE_idPaciente`, `MEDICO_Licencia`, `Sintomas`) VALUES ('15815', 'M-23444', '');
INSERT INTO `BBtrack`.`es_atendido` (`PACIENTE_idPaciente`, `MEDICO_Licencia`, `Sintomas`) VALUES ('15854', 'M-98488', '');
INSERT INTO `BBtrack`.`es_atendido` (`PACIENTE_idPaciente`, `MEDICO_Licencia`, `Sintomas`) VALUES ('15854', 'M-10938', '');
INSERT INTO `BBtrack`.`es_atendido` (`PACIENTE_idPaciente`, `MEDICO_Licencia`, `Sintomas`) VALUES ('17084', 'M-23494', '');
INSERT INTO `BBtrack`.`es_atendido` (`PACIENTE_idPaciente`, `MEDICO_Licencia`, `Sintomas`) VALUES ('17084', 'M-99432', '');

COMMIT;


-- -----------------------------------------------------
-- Data for table `BBtrack`.`atiende`
-- -----------------------------------------------------
START TRANSACTION;
USE `BBtrack`;
INSERT INTO `BBtrack`.`atiende` (`CONSULTA_idCosulta`, `MEDICO_Licencia`) VALUES ('2-02-HC', 'M-43434');
INSERT INTO `BBtrack`.`atiende` (`CONSULTA_idCosulta`, `MEDICO_Licencia`) VALUES ('2-02-HC', 'M-23444');
INSERT INTO `BBtrack`.`atiende` (`CONSULTA_idCosulta`, `MEDICO_Licencia`) VALUES ('2-02-HC', 'M-98488');
INSERT INTO `BBtrack`.`atiende` (`CONSULTA_idCosulta`, `MEDICO_Licencia`) VALUES ('1-22-HC', 'M-10938');
INSERT INTO `BBtrack`.`atiende` (`CONSULTA_idCosulta`, `MEDICO_Licencia`) VALUES ('2-09-HCH', 'M-23494');
INSERT INTO `BBtrack`.`atiende` (`CONSULTA_idCosulta`, `MEDICO_Licencia`) VALUES ('1-32-HCH', 'M-99432');

COMMIT;


-- -----------------------------------------------------
-- Data for table `BBtrack`.`asiste_a`
-- -----------------------------------------------------
START TRANSACTION;
USE `BBtrack`;
INSERT INTO `BBtrack`.`asiste_a` (`PACIENTE_idPaciente`, `CONSULTA_idCosulta`, `Fecha_consulta`, `Es_urgente`) VALUES ('15815', '2-02-HC', '2018-05-05', 0);
INSERT INTO `BBtrack`.`asiste_a` (`PACIENTE_idPaciente`, `CONSULTA_idCosulta`, `Fecha_consulta`, `Es_urgente`) VALUES ('15815', '2-02-HC', '2018-10-05', 0);
INSERT INTO `BBtrack`.`asiste_a` (`PACIENTE_idPaciente`, `CONSULTA_idCosulta`, `Fecha_consulta`, `Es_urgente`) VALUES ('15854', '2-02-HC', '2018-03-03', 0);
INSERT INTO `BBtrack`.`asiste_a` (`PACIENTE_idPaciente`, `CONSULTA_idCosulta`, `Fecha_consulta`, `Es_urgente`) VALUES ('15854', '1-22-HC', '2018-05-03', 1);
INSERT INTO `BBtrack`.`asiste_a` (`PACIENTE_idPaciente`, `CONSULTA_idCosulta`, `Fecha_consulta`, `Es_urgente`) VALUES ('17084', '2-09-HCH', '2018-07-07', 0);
INSERT INTO `BBtrack`.`asiste_a` (`PACIENTE_idPaciente`, `CONSULTA_idCosulta`, `Fecha_consulta`, `Es_urgente`) VALUES ('17084', '1-32-HCH', '2018-09-07', 1);

COMMIT;


-- -----------------------------------------------------
-- Data for table `BBtrack`.`FACTOR_DE_RIESGO_PRENATAL`
-- -----------------------------------------------------
START TRANSACTION;
USE `BBtrack`;
INSERT INTO `BBtrack`.`FACTOR_DE_RIESGO_PRENATAL` (`Antecedentes_familiares`, `Factores_psicosociales`, `Antecedentes_obstetricos`, `Antecedentes_personales`, `Patologia_materna`, `Riesgos_específicos`, `Exposicion_a_teratogenos`, `HISTORIAL_IdHistorial`) VALUES ('H-15815-202HC-180505', '', '', '', '', '', '', '');
INSERT INTO `BBtrack`.`FACTOR_DE_RIESGO_PRENATAL` (`Antecedentes_familiares`, `Factores_psicosociales`, `Antecedentes_obstetricos`, `Antecedentes_personales`, `Patologia_materna`, `Riesgos_específicos`, `Exposicion_a_teratogenos`, `HISTORIAL_IdHistorial`) VALUES ('H-15854-202HC-180303', NULL, '', '', '', '', '', '');
INSERT INTO `BBtrack`.`FACTOR_DE_RIESGO_PRENATAL` (`Antecedentes_familiares`, `Factores_psicosociales`, `Antecedentes_obstetricos`, `Antecedentes_personales`, `Patologia_materna`, `Riesgos_específicos`, `Exposicion_a_teratogenos`, `HISTORIAL_IdHistorial`) VALUES ('H-17084-209HCH-180707', NULL, '', '', '', '', '', '');

COMMIT;

