-- MySQL Script generated by MySQL Workbench
-- Tue Oct 30 17:49:12 2018
-- Model: New Model    Version: 1.0
-- MySQL Workbench Forward Engineering

SET @OLD_UNIQUE_CHECKS=@@UNIQUE_CHECKS, UNIQUE_CHECKS=0;
SET @OLD_FOREIGN_KEY_CHECKS=@@FOREIGN_KEY_CHECKS, FOREIGN_KEY_CHECKS=0;
SET @OLD_SQL_MODE=@@SQL_MODE, SQL_MODE='ONLY_FULL_GROUP_BY,STRICT_TRANS_TABLES,NO_ZERO_IN_DATE,NO_ZERO_DATE,ERROR_FOR_DIVISION_BY_ZERO,NO_ENGINE_SUBSTITUTION';

-- -----------------------------------------------------
-- Schema bbTrack
-- -----------------------------------------------------
DROP SCHEMA IF EXISTS `bbTrack` ;

-- -----------------------------------------------------
-- Schema bbTrack
-- -----------------------------------------------------
CREATE SCHEMA IF NOT EXISTS `bbTrack` DEFAULT CHARACTER SET utf8 ;
USE `bbTrack` ;

-- -----------------------------------------------------
-- Table `bbTrack`.`PACIENTE`
-- -----------------------------------------------------
DROP TABLE IF EXISTS `bbTrack`.`PACIENTE` ;

CREATE TABLE IF NOT EXISTS `bbTrack`.`PACIENTE` (
  `idPaciente` VARCHAR(45) NOT NULL,
  `Nombre` VARCHAR(45) NOT NULL,
  `NUSS` VARCHAR(45) NOT NULL,
  `Sexo` ENUM("Hombre", "Mujer") NOT NULL,
  `Fecha_nacimiento` DATE NOT NULL,
  `Localidad` VARCHAR(45) NOT NULL,
  `Domicilio` VARCHAR(45) NOT NULL,
  `Apellidos` VARCHAR(45) NOT NULL,
  `Telefono` VARCHAR(13) NULL,
  `Correo_electronico` VARCHAR(45) NULL,
  `Embarazada` TINYINT NOT NULL,
  `FPP` DATE NULL,
  PRIMARY KEY (`idPaciente`),
  UNIQUE INDEX `NUSS_UNIQUE` (`NUSS` ASC) VISIBLE)
ENGINE = InnoDB;


-- -----------------------------------------------------
-- Table `bbTrack`.`CONSULTA`
-- -----------------------------------------------------
DROP TABLE IF EXISTS `bbTrack`.`CONSULTA` ;

CREATE TABLE IF NOT EXISTS `bbTrack`.`CONSULTA` (
  `idConsulta` VARCHAR(45) NOT NULL,
  `Localizacion` VARCHAR(125) NOT NULL,
  `Centro_sanitario` VARCHAR(45) NOT NULL,
  PRIMARY KEY (`idConsulta`))
ENGINE = InnoDB;


-- -----------------------------------------------------
-- Table `bbTrack`.`MEDICO`
-- -----------------------------------------------------
DROP TABLE IF EXISTS `bbTrack`.`MEDICO` ;

CREATE TABLE IF NOT EXISTS `bbTrack`.`MEDICO` (
  `Licencia` VARCHAR(45) NOT NULL,
  `Nombre` VARCHAR(45) NOT NULL,
  `Apellidos` VARCHAR(45) NOT NULL,
  `Sexo` ENUM("Hombre", "Mujer") NOT NULL,
  `Especialidad` VARCHAR(45) NOT NULL,
  PRIMARY KEY (`Licencia`),
  INDEX `Apellido` (`Apellidos` ASC) VISIBLE)
ENGINE = InnoDB;


-- -----------------------------------------------------
-- Table `bbTrack`.`HISTORIAL`
-- -----------------------------------------------------
DROP TABLE IF EXISTS `bbTrack`.`HISTORIAL` ;

CREATE TABLE IF NOT EXISTS `bbTrack`.`HISTORIAL` (
  `idHistorial` VARCHAR(45) NOT NULL,
  `Fecha_primera_consulta` DATE NOT NULL,
  `idPaciente` VARCHAR(45) NOT NULL,
  `Vacunas` VARCHAR(245) NULL,
  PRIMARY KEY (`idHistorial`),
  INDEX `fk_HISTORIAL_PACIENTE1_idx` (`idPaciente` ASC) VISIBLE,
  CONSTRAINT `fk_HISTORIAL_PACIENTE1`
    FOREIGN KEY (`idPaciente`)
    REFERENCES `bbTrack`.`PACIENTE` (`idPaciente`)
    ON DELETE NO ACTION
    ON UPDATE NO ACTION)
ENGINE = InnoDB;


-- -----------------------------------------------------
-- Table `bbTrack`.`INFORME`
-- -----------------------------------------------------
DROP TABLE IF EXISTS `bbTrack`.`INFORME` ;

CREATE TABLE IF NOT EXISTS `bbTrack`.`INFORME` (
  `idInforme` VARCHAR(45) NOT NULL,
  `Estado_paciente` VARCHAR(45) NOT NULL,
  `Diagnostico` VARCHAR(255) NOT NULL,
  `idHistorial` VARCHAR(45) NOT NULL,
  `idConsulta` VARCHAR(45) NOT NULL,
  `Fecha_consulta` DATE NOT NULL,
  PRIMARY KEY (`idInforme`, `idConsulta`),
  INDEX `fk_INFORME_HISTORIAL1_idx` (`idHistorial` ASC) VISIBLE,
  INDEX `fk_INFORME_CONSULTA1_idx` (`idConsulta` ASC) VISIBLE,
  CONSTRAINT `fk_INFORME_HISTORIAL1`
    FOREIGN KEY (`idHistorial`)
    REFERENCES `bbTrack`.`HISTORIAL` (`idHistorial`)
    ON DELETE NO ACTION
    ON UPDATE NO ACTION,
  CONSTRAINT `fk_INFORME_CONSULTA1`
    FOREIGN KEY (`idConsulta`)
    REFERENCES `bbTrack`.`CONSULTA` (`idConsulta`)
    ON DELETE NO ACTION
    ON UPDATE NO ACTION)
ENGINE = InnoDB;


-- -----------------------------------------------------
-- Table `bbTrack`.`PRUEBA`
-- -----------------------------------------------------
DROP TABLE IF EXISTS `bbTrack`.`PRUEBA` ;

CREATE TABLE IF NOT EXISTS `bbTrack`.`PRUEBA` (
  `idPrueba` VARCHAR(45) NOT NULL,
  `Observaciones` VARCHAR(255) NOT NULL,
  `idPrueba_externo` VARCHAR(45) NOT NULL,
  `Tipo` ENUM("Rutinaria", "Especial") NOT NULL,
  `Licencia` VARCHAR(45) NOT NULL,
  `idInforme` VARCHAR(45) NOT NULL,
  `Nombre` VARCHAR(255) NOT NULL,
  PRIMARY KEY (`idPrueba`, `Licencia`),
  UNIQUE INDEX `IdPrueba_externo_UNIQUE` (`idPrueba_externo` ASC) VISIBLE,
  INDEX `Tipo` (`Tipo` ASC) VISIBLE,
  INDEX `fk_PRUEBA_MEDICO1_idx` (`Licencia` ASC) VISIBLE,
  INDEX `fk_PRUEBA_INFORME1_idx` (`idInforme` ASC) VISIBLE,
  CONSTRAINT `fk_PRUEBA_MEDICO1`
    FOREIGN KEY (`Licencia`)
    REFERENCES `bbTrack`.`MEDICO` (`Licencia`)
    ON DELETE NO ACTION
    ON UPDATE NO ACTION,
  CONSTRAINT `fk_PRUEBA_INFORME1`
    FOREIGN KEY (`idInforme`)
    REFERENCES `bbTrack`.`INFORME` (`idInforme`)
    ON DELETE NO ACTION
    ON UPDATE NO ACTION)
ENGINE = InnoDB;


-- -----------------------------------------------------
-- Table `bbTrack`.`es_atendido`
-- -----------------------------------------------------
DROP TABLE IF EXISTS `bbTrack`.`es_atendido` ;

CREATE TABLE IF NOT EXISTS `bbTrack`.`es_atendido` (
  `idPaciente` VARCHAR(45) NOT NULL,
  `Licencia` VARCHAR(45) NOT NULL,
  PRIMARY KEY (`Licencia`, `idPaciente`),
  INDEX `fk_PACIENTE_has_MEDICO_MEDICO1_idx` (`Licencia` ASC) VISIBLE,
  INDEX `fk_PACIENTE_has_MEDICO_PACIENTE1_idx` (`idPaciente` ASC) VISIBLE,
  CONSTRAINT `fk_PACIENTE_has_MEDICO_PACIENTE1`
    FOREIGN KEY (`idPaciente`)
    REFERENCES `bbTrack`.`PACIENTE` (`idPaciente`)
    ON DELETE NO ACTION
    ON UPDATE NO ACTION,
  CONSTRAINT `fk_PACIENTE_has_MEDICO_MEDICO1`
    FOREIGN KEY (`Licencia`)
    REFERENCES `bbTrack`.`MEDICO` (`Licencia`)
    ON DELETE NO ACTION
    ON UPDATE NO ACTION)
ENGINE = InnoDB;


-- -----------------------------------------------------
-- Table `bbTrack`.`atiende`
-- -----------------------------------------------------
DROP TABLE IF EXISTS `bbTrack`.`atiende` ;

CREATE TABLE IF NOT EXISTS `bbTrack`.`atiende` (
  `idConsulta` VARCHAR(45) NOT NULL,
  `Licencia` VARCHAR(45) NOT NULL,
  PRIMARY KEY (`idConsulta`, `Licencia`),
  INDEX `fk_CONSULTA_has_MEDICO_MEDICO1_idx` (`Licencia` ASC) VISIBLE,
  INDEX `fk_CONSULTA_has_MEDICO_CONSULTA1_idx` (`idConsulta` ASC) VISIBLE,
  CONSTRAINT `fk_CONSULTA_has_MEDICO_CONSULTA1`
    FOREIGN KEY (`idConsulta`)
    REFERENCES `bbTrack`.`CONSULTA` (`idConsulta`)
    ON DELETE NO ACTION
    ON UPDATE NO ACTION,
  CONSTRAINT `fk_CONSULTA_has_MEDICO_MEDICO1`
    FOREIGN KEY (`Licencia`)
    REFERENCES `bbTrack`.`MEDICO` (`Licencia`)
    ON DELETE NO ACTION
    ON UPDATE NO ACTION)
ENGINE = InnoDB;


-- -----------------------------------------------------
-- Table `bbTrack`.`asiste_a`
-- -----------------------------------------------------
DROP TABLE IF EXISTS `bbTrack`.`asiste_a` ;

CREATE TABLE IF NOT EXISTS `bbTrack`.`asiste_a` (
  `idPaciente` VARCHAR(45) NOT NULL,
  `idConsulta` VARCHAR(45) NOT NULL,
  `Fecha_consulta` DATE NOT NULL,
  `Es_urgente` TINYINT NOT NULL,
  `Sintomas` VARCHAR(245) NULL,
  PRIMARY KEY (`idPaciente`, `idConsulta`, `Fecha_consulta`),
  INDEX `fk_PACIENTE_has_CONSULTA_CONSULTA1_idx` (`idConsulta` ASC) VISIBLE,
  INDEX `fk_PACIENTE_has_CONSULTA_PACIENTE1_idx` (`idPaciente` ASC) VISIBLE,
  CONSTRAINT `fk_PACIENTE_has_CONSULTA_PACIENTE1`
    FOREIGN KEY (`idPaciente`)
    REFERENCES `bbTrack`.`PACIENTE` (`idPaciente`)
    ON DELETE NO ACTION
    ON UPDATE NO ACTION,
  CONSTRAINT `fk_PACIENTE_has_CONSULTA_CONSULTA1`
    FOREIGN KEY (`idConsulta`)
    REFERENCES `bbTrack`.`CONSULTA` (`idConsulta`)
    ON DELETE NO ACTION
    ON UPDATE NO ACTION)
ENGINE = InnoDB;


-- -----------------------------------------------------
-- Table `bbTrack`.`FACTOR_DE_RIESGO_PRENATAL`
-- -----------------------------------------------------
DROP TABLE IF EXISTS `bbTrack`.`FACTOR_DE_RIESGO_PRENATAL` ;

CREATE TABLE IF NOT EXISTS `bbTrack`.`FACTOR_DE_RIESGO_PRENATAL` (
  `Antecedentes_familiares` VARCHAR(245) NULL,
  `Factores_psicosociales` VARCHAR(245) NULL,
  `Antecedentes_obstetricos` VARCHAR(245) NULL,
  `Antecedentes_personales` VARCHAR(245) NULL,
  `Patologia_materna` VARCHAR(245) NULL,
  `Riesgos_especificos` VARCHAR(245) NULL,
  `Exposicion_a_teratogenos` VARCHAR(245) NULL,
  `idHistorial` VARCHAR(45) NOT NULL,
  INDEX `fk_FACTOR DE RIESGO PRENATAL_HISTORIAL1_idx` (`idHistorial` ASC) VISIBLE,
  CONSTRAINT `fk_FACTOR DE RIESGO PRENATAL_HISTORIAL1`
    FOREIGN KEY (`idHistorial`)
    REFERENCES `bbTrack`.`HISTORIAL` (`idHistorial`)
    ON DELETE NO ACTION
    ON UPDATE NO ACTION)
ENGINE = InnoDB;


-- -----------------------------------------------------
-- Table `bbTrack`.`ICD_10`
-- -----------------------------------------------------
DROP TABLE IF EXISTS `bbTrack`.`ICD_10` ;

CREATE TABLE IF NOT EXISTS `bbTrack`.`ICD_10` (
  `Codigo` VARCHAR(45) NOT NULL,
  `Nombre` VARCHAR(255) NOT NULL,
  PRIMARY KEY (`Codigo`))
ENGINE = InnoDB;


-- -----------------------------------------------------
-- Table `bbTrack`.`INFORME_ICD_10`
-- -----------------------------------------------------
DROP TABLE IF EXISTS `bbTrack`.`INFORME_ICD_10` ;

CREATE TABLE IF NOT EXISTS `bbTrack`.`INFORME_ICD_10` (
  `Codigo` VARCHAR(45) NOT NULL,
  `IdInforme` VARCHAR(45) NOT NULL,
  INDEX `fk_ICD-10_has_INFORME_INFORME1_idx` (`IdInforme` ASC) VISIBLE,
  INDEX `fk_ICD-10_has_INFORME_ICD-101_idx` (`Codigo` ASC) VISIBLE,
  CONSTRAINT `fk_ICD-10_has_INFORME_ICD-101`
    FOREIGN KEY (`Codigo`)
    REFERENCES `bbTrack`.`ICD_10` (`Codigo`)
    ON DELETE NO ACTION
    ON UPDATE NO ACTION,
  CONSTRAINT `fk_ICD-10_has_INFORME_INFORME1`
    FOREIGN KEY (`IdInforme`)
    REFERENCES `bbTrack`.`INFORME` (`idInforme`)
    ON DELETE NO ACTION
    ON UPDATE NO ACTION)
ENGINE = InnoDB;

USE `bbTrack` ;

-- -----------------------------------------------------
-- Placeholder table for view `bbTrack`.`view1`
-- -----------------------------------------------------
CREATE TABLE IF NOT EXISTS `bbTrack`.`view1` (`id` INT);

-- -----------------------------------------------------
-- View `bbTrack`.`view1`
-- -----------------------------------------------------
DROP TABLE IF EXISTS `bbTrack`.`view1`;
DROP VIEW IF EXISTS `bbTrack`.`view1` ;
USE `bbTrack`;


-- -----------------------------------------------------
-- Data for table `bbTrack`.`PACIENTE`
-- -----------------------------------------------------
START TRANSACTION;
USE `bbTrack`;
INSERT INTO `bbTrack`.`PACIENTE` (`idPaciente`, `Nombre`, `NUSS`, `Sexo`, `Fecha_nacimiento`, `Localidad`, `Domicilio`, `Apellidos`, `Telefono`, `Correo_electronico`, `Embarazada`, `FPP`) VALUES ('15815', 'Maria', 'AN-15815', 'Mujer', '1997-12-20', 'Malaga', 'C/Lucena 45', 'Lopez Perez', '724444896', 'mariaLp@bbtrack.es', 0, NULL);
INSERT INTO `bbTrack`.`PACIENTE` (`idPaciente`, `Nombre`, `NUSS`, `Sexo`, `Fecha_nacimiento`, `Localidad`, `Domicilio`, `Apellidos`, `Telefono`, `Correo_electronico`, `Embarazada`, `FPP`) VALUES ('15854', 'Araceli', 'AN-15854', 'Mujer', '1980-12-10', 'Malaga', 'C/Julio de Tormes 46', 'Toscano Medina', '637565322', 'araceliTs@bbtrack.es', 1, '2018-12-10');
INSERT INTO `bbTrack`.`PACIENTE` (`idPaciente`, `Nombre`, `NUSS`, `Sexo`, `Fecha_nacimiento`, `Localidad`, `Domicilio`, `Apellidos`, `Telefono`, `Correo_electronico`, `Embarazada`, `FPP`) VALUES ('17084', 'Celia', 'AN-17084', 'Mujer', '1990-02-12', 'Malaga', 'C/Torremolinos 47', 'Del Bosque Santaella', '761635888', 'celiaDl@bbtrack.es', 1, '2018-02-12');
INSERT INTO `bbTrack`.`PACIENTE` (`idPaciente`, `Nombre`, `NUSS`, `Sexo`, `Fecha_nacimiento`, `Localidad`, `Domicilio`, `Apellidos`, `Telefono`, `Correo_electronico`, `Embarazada`, `FPP`) VALUES ('10725', 'Leticia', 'AN-10725', 'Mujer', '1996-12-01', 'Malaga', 'C/Tintoreria 48', 'Lara Benitez', '627529703', 'leticiaLr@bbtrack.es', 1, '2018-12-01');
INSERT INTO `bbTrack`.`PACIENTE` (`idPaciente`, `Nombre`, `NUSS`, `Sexo`, `Fecha_nacimiento`, `Localidad`, `Domicilio`, `Apellidos`, `Telefono`, `Correo_electronico`, `Embarazada`, `FPP`) VALUES ('11194', 'Leyre', 'AN-11194', 'Mujer', '1992-11-12', 'Malaga', 'C/Union 49', 'Trujillo Ruiz', '691632540', 'leyreTu@bbtrack.es', 1, '2018-11-12');
INSERT INTO `bbTrack`.`PACIENTE` (`idPaciente`, `Nombre`, `NUSS`, `Sexo`, `Fecha_nacimiento`, `Localidad`, `Domicilio`, `Apellidos`, `Telefono`, `Correo_electronico`, `Embarazada`, `FPP`) VALUES ('19560', 'Sara', 'AN-19560', 'Mujer', '1991-12-12', 'Malaga', 'C/Larios 50', 'Garcia Molero', '704293198', 'saraGr@bbtrack.es', 1, '2018-12-12');
INSERT INTO `bbTrack`.`PACIENTE` (`idPaciente`, `Nombre`, `NUSS`, `Sexo`, `Fecha_nacimiento`, `Localidad`, `Domicilio`, `Apellidos`, `Telefono`, `Correo_electronico`, `Embarazada`, `FPP`) VALUES ('14250', 'Almudena', 'AN-14250', 'Mujer', '1989-12-05', 'Malaga', 'C/Vicente 51', 'Asensio Maside', '654555531', 'almudenaAe@bbtrack.es', 1, '2018-12-05');
INSERT INTO `bbTrack`.`PACIENTE` (`idPaciente`, `Nombre`, `NUSS`, `Sexo`, `Fecha_nacimiento`, `Localidad`, `Domicilio`, `Apellidos`, `Telefono`, `Correo_electronico`, `Embarazada`, `FPP`) VALUES ('17785', 'Maria', 'AN-17785', 'Mujer', '1998-01-01', 'Malaga', 'C/Andalucia 52', 'Quiroga Lopez', '685047012', 'mariaQi@bbtrack.es', 1, '2018-01-01');
INSERT INTO `bbTrack`.`PACIENTE` (`idPaciente`, `Nombre`, `NUSS`, `Sexo`, `Fecha_nacimiento`, `Localidad`, `Domicilio`, `Apellidos`, `Telefono`, `Correo_electronico`, `Embarazada`, `FPP`) VALUES ('11470', 'Inmaculada', 'AN-11470', 'Mujer', '1997-03-03', 'Malaga', 'C/Malagueta 53', 'Valera Trujillo', '601529436', 'inmaculadaVl@bbtrack.es', 0, NULL);
INSERT INTO `bbTrack`.`PACIENTE` (`idPaciente`, `Nombre`, `NUSS`, `Sexo`, `Fecha_nacimiento`, `Localidad`, `Domicilio`, `Apellidos`, `Telefono`, `Correo_electronico`, `Embarazada`, `FPP`) VALUES ('10009', 'Carmen', 'AN-10009', 'Mujer', '1998-03-04', 'Malaga', 'C/Teatinos 54', 'Benitez Amancio', '769154260', 'carmenBn@bbtrack.es', 1, '2018-03-04');
INSERT INTO `bbTrack`.`PACIENTE` (`idPaciente`, `Nombre`, `NUSS`, `Sexo`, `Fecha_nacimiento`, `Localidad`, `Domicilio`, `Apellidos`, `Telefono`, `Correo_electronico`, `Embarazada`, `FPP`) VALUES ('19198', 'Violeta', 'AN-19198', 'Mujer', '1993-05-05', 'Malaga', 'C/Juego de pelota 55', 'Lara Cruz', '663240005', 'violetaLr@bbtrack.es', 1, '2018-05-05');
INSERT INTO `bbTrack`.`PACIENTE` (`idPaciente`, `Nombre`, `NUSS`, `Sexo`, `Fecha_nacimiento`, `Localidad`, `Domicilio`, `Apellidos`, `Telefono`, `Correo_electronico`, `Embarazada`, `FPP`) VALUES ('17430', 'Paloma', 'AN-17430', 'Mujer', '1997-07-24', 'Alhaurin de la Torre', 'C/Cordoba 56', 'Amancio Ortega', '751849297', 'palomaAa@bbtrack.es', 0, NULL);
INSERT INTO `bbTrack`.`PACIENTE` (`idPaciente`, `Nombre`, `NUSS`, `Sexo`, `Fecha_nacimiento`, `Localidad`, `Domicilio`, `Apellidos`, `Telefono`, `Correo_electronico`, `Embarazada`, `FPP`) VALUES ('18616', 'Estrella', 'AN-18616', 'Mujer', '1990-03-07', 'Alhaurin de la Torre', 'C/Lucena 57', 'Gonzalez Blanco', '729843321', 'estrellaGn@bbtrack.es', 0, NULL);
INSERT INTO `bbTrack`.`PACIENTE` (`idPaciente`, `Nombre`, `NUSS`, `Sexo`, `Fecha_nacimiento`, `Localidad`, `Domicilio`, `Apellidos`, `Telefono`, `Correo_electronico`, `Embarazada`, `FPP`) VALUES ('12288', 'Dolores', 'AN-12288', 'Mujer', '1997-03-08', 'Alhaurin de la Torre', 'C/Torres 58', 'Ruiz Calzado', '627550890', 'doloresRi@bbtrack.es', 1, '2018-03-08');
INSERT INTO `bbTrack`.`PACIENTE` (`idPaciente`, `Nombre`, `NUSS`, `Sexo`, `Fecha_nacimiento`, `Localidad`, `Domicilio`, `Apellidos`, `Telefono`, `Correo_electronico`, `Embarazada`, `FPP`) VALUES ('10169', 'Lucia', 'AN-10169', 'Mujer', '1995-02-09', 'Malaga', 'C/Ventas 59', 'Fernandez Gonzalez', '735258649', 'luciaFr@bbtrack.es', 1, '2018-02-09');
INSERT INTO `bbTrack`.`PACIENTE` (`idPaciente`, `Nombre`, `NUSS`, `Sexo`, `Fecha_nacimiento`, `Localidad`, `Domicilio`, `Apellidos`, `Telefono`, `Correo_electronico`, `Embarazada`, `FPP`) VALUES ('11529', 'Dorotea', 'AN-11529', 'Mujer', '1997-03-10', 'Malaga', 'C/Joaquin 60', 'Buendia Calzado', '729626220', 'doroteaBe@bbtrack.es', 1, '2018-03-10');

COMMIT;


-- -----------------------------------------------------
-- Data for table `bbTrack`.`CONSULTA`
-- -----------------------------------------------------
START TRANSACTION;
USE `bbTrack`;
INSERT INTO `bbTrack`.`CONSULTA` (`idConsulta`, `Localizacion`, `Centro_sanitario`) VALUES ('2-02-HC', 'Segunda planta. Puerta 2', 'Hospital Clinico');
INSERT INTO `bbTrack`.`CONSULTA` (`idConsulta`, `Localizacion`, `Centro_sanitario`) VALUES ('1-32-HCH', 'Primera planta. Puerta 32', 'Hospital Carlos Haya');
INSERT INTO `bbTrack`.`CONSULTA` (`idConsulta`, `Localizacion`, `Centro_sanitario`) VALUES ('2-09-HCH', 'Segunda planta. Puerta 09', 'Hospital Carlos Haya');
INSERT INTO `bbTrack`.`CONSULTA` (`idConsulta`, `Localizacion`, `Centro_sanitario`) VALUES ('1-22-HC', 'Primera planta. Puerta 22', 'Hospital Clinico');

COMMIT;


-- -----------------------------------------------------
-- Data for table `bbTrack`.`MEDICO`
-- -----------------------------------------------------
START TRANSACTION;
USE `bbTrack`;
INSERT INTO `bbTrack`.`MEDICO` (`Licencia`, `Nombre`, `Apellidos`, `Sexo`, `Especialidad`) VALUES ('M-23444', 'Miguel', 'Perez Jimenez', 'Hombre', 'Ginecologia');
INSERT INTO `bbTrack`.`MEDICO` (`Licencia`, `Nombre`, `Apellidos`, `Sexo`, `Especialidad`) VALUES ('M-98488', 'Juan', 'Serrano Lopez', 'Hombre', 'Obstetra');
INSERT INTO `bbTrack`.`MEDICO` (`Licencia`, `Nombre`, `Apellidos`, `Sexo`, `Especialidad`) VALUES ('M-43434', 'Enrique', 'Barbarela Benitez', 'Hombre', 'Medico de familia');
INSERT INTO `bbTrack`.`MEDICO` (`Licencia`, `Nombre`, `Apellidos`, `Sexo`, `Especialidad`) VALUES ('M-33048', 'Laura', 'Lara Ruiz', 'Mujer', 'Medico de familia');
INSERT INTO `bbTrack`.`MEDICO` (`Licencia`, `Nombre`, `Apellidos`, `Sexo`, `Especialidad`) VALUES ('M-32349', 'Paloma', 'Jimenez Fernandez', 'Mujer', 'Ginecologia');
INSERT INTO `bbTrack`.`MEDICO` (`Licencia`, `Nombre`, `Apellidos`, `Sexo`, `Especialidad`) VALUES ('M-23494', 'Lucia', 'Toscano Varela', 'Mujer', 'Obstetra');
INSERT INTO `bbTrack`.`MEDICO` (`Licencia`, `Nombre`, `Apellidos`, `Sexo`, `Especialidad`) VALUES ('M-10938', 'Antonio', 'Jurado Martos', 'Hombre', 'Urgencias');
INSERT INTO `bbTrack`.`MEDICO` (`Licencia`, `Nombre`, `Apellidos`, `Sexo`, `Especialidad`) VALUES ('M-99432', 'Maria', 'Pastor Smith', 'Mujer', 'Urgencias');

COMMIT;


-- -----------------------------------------------------
-- Data for table `bbTrack`.`HISTORIAL`
-- -----------------------------------------------------
START TRANSACTION;
USE `bbTrack`;
INSERT INTO `bbTrack`.`HISTORIAL` (`idHistorial`, `Fecha_primera_consulta`, `idPaciente`, `Vacunas`) VALUES ('H-15815', '2018-05-05', '15815', NULL);
INSERT INTO `bbTrack`.`HISTORIAL` (`idHistorial`, `Fecha_primera_consulta`, `idPaciente`, `Vacunas`) VALUES ('H-15854', '2018-03-03', '15854', NULL);
INSERT INTO `bbTrack`.`HISTORIAL` (`idHistorial`, `Fecha_primera_consulta`, `idPaciente`, `Vacunas`) VALUES ('H-17084', '2018-07-07', '17084', NULL);
INSERT INTO `bbTrack`.`HISTORIAL` (`idHistorial`, `Fecha_primera_consulta`, `idPaciente`, `Vacunas`) VALUES ('H-10725', '2018-01-25', '10725', NULL);
INSERT INTO `bbTrack`.`HISTORIAL` (`idHistorial`, `Fecha_primera_consulta`, `idPaciente`, `Vacunas`) VALUES ('H-11194', '2018-02-23', '11194', NULL);
INSERT INTO `bbTrack`.`HISTORIAL` (`idHistorial`, `Fecha_primera_consulta`, `idPaciente`, `Vacunas`) VALUES ('H-19560', '2018-02-21', '19560', NULL);
INSERT INTO `bbTrack`.`HISTORIAL` (`idHistorial`, `Fecha_primera_consulta`, `idPaciente`, `Vacunas`) VALUES ('H-14250', '2018-03-19', '14250', NULL);
INSERT INTO `bbTrack`.`HISTORIAL` (`idHistorial`, `Fecha_primera_consulta`, `idPaciente`, `Vacunas`) VALUES ('H-17785', '2018-03-17', '17785', NULL);
INSERT INTO `bbTrack`.`HISTORIAL` (`idHistorial`, `Fecha_primera_consulta`, `idPaciente`, `Vacunas`) VALUES ('H-11470', '2018-04-15', '11470', NULL);
INSERT INTO `bbTrack`.`HISTORIAL` (`idHistorial`, `Fecha_primera_consulta`, `idPaciente`, `Vacunas`) VALUES ('H-10009', '2018-04-07', '10009', NULL);
INSERT INTO `bbTrack`.`HISTORIAL` (`idHistorial`, `Fecha_primera_consulta`, `idPaciente`, `Vacunas`) VALUES ('H-19198', '2018-05-13', '19198', NULL);
INSERT INTO `bbTrack`.`HISTORIAL` (`idHistorial`, `Fecha_primera_consulta`, `idPaciente`, `Vacunas`) VALUES ('H-17430', '2018-05-10', '17430', NULL);
INSERT INTO `bbTrack`.`HISTORIAL` (`idHistorial`, `Fecha_primera_consulta`, `idPaciente`, `Vacunas`) VALUES (DEFAULT, DEFAULT, DEFAULT, NULL);

COMMIT;


-- -----------------------------------------------------
-- Data for table `bbTrack`.`INFORME`
-- -----------------------------------------------------
START TRANSACTION;
USE `bbTrack`;
INSERT INTO `bbTrack`.`INFORME` (`idInforme`, `Estado_paciente`, `Diagnostico`, `idHistorial`, `idConsulta`, `Fecha_consulta`) VALUES ('H-15815-202HC-180505', 'Estable', 'El paciente ha intentado quedarse embarazada y no procede. Se solicita cita con especialista', 'H-15815', '2-02-HC', '2018-05-05');
INSERT INTO `bbTrack`.`INFORME` (`idInforme`, `Estado_paciente`, `Diagnostico`, `idHistorial`, `idConsulta`, `Fecha_consulta`) VALUES ('H-15815-202HC-181005', 'Estable', 'Se solicita analisis de sangre', 'H-15815', '2-02-HC', '2018-10-05');
INSERT INTO `bbTrack`.`INFORME` (`idInforme`, `Estado_paciente`, `Diagnostico`, `idHistorial`, `idConsulta`, `Fecha_consulta`) VALUES ('H-15854-202HC-180303', 'Estable', 'Prueba rutinaria completada', 'H-15854', '2-02-HC', '2018-03-03');
INSERT INTO `bbTrack`.`INFORME` (`idInforme`, `Estado_paciente`, `Diagnostico`, `idHistorial`, `idConsulta`, `Fecha_consulta`) VALUES ('H-15854-122HC-180503', 'Grave inestable', 'El paciente se ha queda inconsciente y se encuentra en observacion', 'H-15854', '1-22-HC', '2018-0503');
INSERT INTO `bbTrack`.`INFORME` (`idInforme`, `Estado_paciente`, `Diagnostico`, `idHistorial`, `idConsulta`, `Fecha_consulta`) VALUES ('H-17084-209HCH-180707', 'Estable', 'Prueba rutinaria compleada', 'H-17084', '2-09-HCH', '2018-07-07');
INSERT INTO `bbTrack`.`INFORME` (`idInforme`, `Estado_paciente`, `Diagnostico`, `idHistorial`, `idConsulta`, `Fecha_consulta`) VALUES ('H-17084-132HCH-180907', 'Grave estable', 'Anginas', 'H-17084', '1-32-HCH', '2018-09-07');
INSERT INTO `bbTrack`.`INFORME` (`idInforme`, `Estado_paciente`, `Diagnostico`, `idHistorial`, `idConsulta`, `Fecha_consulta`) VALUES ('H-10725-202HC-180125', 'Estable', 'El paciente solicita prueba de esterilidad', 'H-10725', '2-02-HC', '2018-01-25');
INSERT INTO `bbTrack`.`INFORME` (`idInforme`, `Estado_paciente`, `Diagnostico`, `idHistorial`, `idConsulta`, `Fecha_consulta`) VALUES ('H-11194-202HC-180123', 'Grave estable', 'Malestar estomacal debido a un virus', 'H-11194', '2-02-HC', '2018-01-23');
INSERT INTO `bbTrack`.`INFORME` (`idInforme`, `Estado_paciente`, `Diagnostico`, `idHistorial`, `idConsulta`, `Fecha_consulta`) VALUES ('H-19650-202HC-180221', 'Estable', 'Seguimiento por embarazo de riesgo', 'H-19650', '2-02-HC', '2018-02-21');
INSERT INTO `bbTrack`.`INFORME` (`idInforme`, `Estado_paciente`, `Diagnostico`, `idHistorial`, `idConsulta`, `Fecha_consulta`) VALUES ('H-14250-122HC-180319', 'Estable', 'Esguince de primer grado', 'H-14250', '1-22-HC', '2018-03-19');
INSERT INTO `bbTrack`.`INFORME` (`idInforme`, `Estado_paciente`, `Diagnostico`, `idHistorial`, `idConsulta`, `Fecha_consulta`) VALUES ('H-17785-122HC-180317', 'Grave estable', 'Solicitud de prueba de sangre debido a desmayo', 'H-17785', '1-22-HC', '2018-03-17');
INSERT INTO `bbTrack`.`INFORME` (`idInforme`, `Estado_paciente`, `Diagnostico`, `idHistorial`, `idConsulta`, `Fecha_consulta`) VALUES ('H-11470-209HCH-180415', 'Estable', 'El paciente solicita prueba de esterilidad', 'H-11470', '2-09-HCH', '2018-04-15');
INSERT INTO `bbTrack`.`INFORME` (`idInforme`, `Estado_paciente`, `Diagnostico`, `idHistorial`, `idConsulta`, `Fecha_consulta`) VALUES ('H-10009-209HCH-180407', 'Estable', 'Seguimiento embarazo de alto riesgo. Solicita prueba cariotipo', 'H-10009', '2-09-HCH', '2018-05-07');
INSERT INTO `bbTrack`.`INFORME` (`idInforme`, `Estado_paciente`, `Diagnostico`, `idHistorial`, `idConsulta`, `Fecha_consulta`) VALUES ('H-19198-132HCH-180513', 'Grave inestable', 'Ingreso en Hospital debido a brote de V.I.H', 'H-19198', '1-32-HCH', '2018-05-13');
INSERT INTO `bbTrack`.`INFORME` (`idInforme`, `Estado_paciente`, `Diagnostico`, `idHistorial`, `idConsulta`, `Fecha_consulta`) VALUES ('H-17430-132HCH-180510', 'Estable', 'El paciente solicita prueba de esterilidad', 'H-17430', '1-32-HCH', '2018-05-10');

COMMIT;


-- -----------------------------------------------------
-- Data for table `bbTrack`.`PRUEBA`
-- -----------------------------------------------------
START TRANSACTION;
USE `bbTrack`;
INSERT INTO `bbTrack`.`PRUEBA` (`idPrueba`, `Observaciones`, `idPrueba_externo`, `Tipo`, `Licencia`, `idInforme`, `Nombre`) VALUES ('P-1', 'Todo correcto', 'P-15854-202HC-180303-1', 'Rutinaria', 'M-98488', 'H-15854-202HC-180303', 'Analisis de sangre');
INSERT INTO `bbTrack`.`PRUEBA` (`idPrueba`, `Observaciones`, `idPrueba_externo`, `Tipo`, `Licencia`, `idInforme`, `Nombre`) VALUES ('P-2', 'Toco correcto', 'P-17084-209HCH-180707-1', 'Rutinaria', 'M-23494', 'H-17084-209HCH-180707', 'Analisis de orina');
INSERT INTO `bbTrack`.`PRUEBA` (`idPrueba`, `Observaciones`, `idPrueba_externo`, `Tipo`, `Licencia`, `idInforme`, `Nombre`) VALUES ('P-3', 'Todo correcto', 'P-15854-202HC-180303-2', 'Especial', 'M-98488', 'H-15854-202HC-180303', 'Amniocentesis');
INSERT INTO `bbTrack`.`PRUEBA` (`idPrueba`, `Observaciones`, `idPrueba_externo`, `Tipo`, `Licencia`, `idInforme`, `Nombre`) VALUES ('P-4', 'Toco correcto', 'P-17084-209HCH-180707-2', 'Rutinaria', 'M-23494', 'H-17084-209HCH-180707', 'Ecografia');
INSERT INTO `bbTrack`.`PRUEBA` (`idPrueba`, `Observaciones`, `idPrueba_externo`, `Tipo`, `Licencia`, `idInforme`, `Nombre`) VALUES ('P-5', 'Anemia', 'P-15815-202HC-181005', 'Rutinaria', 'M-23444', 'H-15815-202HC-181005', 'Analisis de sangre');
INSERT INTO `bbTrack`.`PRUEBA` (`idPrueba`, `Observaciones`, `idPrueba_externo`, `Tipo`, `Licencia`, `idInforme`, `Nombre`) VALUES ('P-6', 'Todo correcto', 'P-10725-202HC-180125', 'Especial', 'M-43434', 'H-10725-202HC-180125', 'Ecografia transvaginal');
INSERT INTO `bbTrack`.`PRUEBA` (`idPrueba`, `Observaciones`, `idPrueba_externo`, `Tipo`, `Licencia`, `idInforme`, `Nombre`) VALUES ('P-7', 'Trisomia', 'P-19650-202HC-180221', 'Rutinaria', 'M-98488', 'H-19650-202HC-180221', 'Cariotipo');
INSERT INTO `bbTrack`.`PRUEBA` (`idPrueba`, `Observaciones`, `idPrueba_externo`, `Tipo`, `Licencia`, `idInforme`, `Nombre`) VALUES ('P-8', 'Esguince de primer grado', 'P-14250-122HC-180319', 'Especial', 'M-32349', 'H-14250-122HC-180319', 'Radiografia');
INSERT INTO `bbTrack`.`PRUEBA` (`idPrueba`, `Observaciones`, `idPrueba_externo`, `Tipo`, `Licencia`, `idInforme`, `Nombre`) VALUES ('P-9', 'Lesion en las trompas de falopio', 'P-11470-209HCH-180415', 'Especial', 'M-23494', 'H-11470-209HCH-180415', 'Ecografia transvaginal');
INSERT INTO `bbTrack`.`PRUEBA` (`idPrueba`, `Observaciones`, `idPrueba_externo`, `Tipo`, `Licencia`, `idInforme`, `Nombre`) VALUES ('P-10', 'Todo correcto', 'P-10009-209HCH-180407', 'Rutinaria', 'M-33048', 'H-10009-209HCH-180407', 'Cariotipo');
INSERT INTO `bbTrack`.`PRUEBA` (`idPrueba`, `Observaciones`, `idPrueba_externo`, `Tipo`, `Licencia`, `idInforme`, `Nombre`) VALUES ('P-11', 'Todo correcto', 'P-17430-132HCH-180510', 'Especial', 'M-99432', 'H-17430-132HCH-180510', 'Histeroscopia');

COMMIT;


-- -----------------------------------------------------
-- Data for table `bbTrack`.`es_atendido`
-- -----------------------------------------------------
START TRANSACTION;
USE `bbTrack`;
INSERT INTO `bbTrack`.`es_atendido` (`idPaciente`, `Licencia`) VALUES ('15815', 'M-43434');
INSERT INTO `bbTrack`.`es_atendido` (`idPaciente`, `Licencia`) VALUES ('15815', 'M-23444');
INSERT INTO `bbTrack`.`es_atendido` (`idPaciente`, `Licencia`) VALUES ('15854', 'M-98488');
INSERT INTO `bbTrack`.`es_atendido` (`idPaciente`, `Licencia`) VALUES ('15854', 'M-10938');
INSERT INTO `bbTrack`.`es_atendido` (`idPaciente`, `Licencia`) VALUES ('17084', 'M-23494');
INSERT INTO `bbTrack`.`es_atendido` (`idPaciente`, `Licencia`) VALUES ('17084', 'M-99432');
INSERT INTO `bbTrack`.`es_atendido` (`idPaciente`, `Licencia`) VALUES ('10725', 'M-43434');
INSERT INTO `bbTrack`.`es_atendido` (`idPaciente`, `Licencia`) VALUES ('11194', 'M-23444');
INSERT INTO `bbTrack`.`es_atendido` (`idPaciente`, `Licencia`) VALUES ('19560', 'M-98488');
INSERT INTO `bbTrack`.`es_atendido` (`idPaciente`, `Licencia`) VALUES ('14250', 'M-32349');
INSERT INTO `bbTrack`.`es_atendido` (`idPaciente`, `Licencia`) VALUES ('17785', 'M-10938');
INSERT INTO `bbTrack`.`es_atendido` (`idPaciente`, `Licencia`) VALUES ('11470', 'M-23494');
INSERT INTO `bbTrack`.`es_atendido` (`idPaciente`, `Licencia`) VALUES ('10009', 'M-33048');
INSERT INTO `bbTrack`.`es_atendido` (`idPaciente`, `Licencia`) VALUES ('19198', 'M-99432');
INSERT INTO `bbTrack`.`es_atendido` (`idPaciente`, `Licencia`) VALUES ('17430', 'M-99432');

COMMIT;


-- -----------------------------------------------------
-- Data for table `bbTrack`.`atiende`
-- -----------------------------------------------------
START TRANSACTION;
USE `bbTrack`;
INSERT INTO `bbTrack`.`atiende` (`idConsulta`, `Licencia`) VALUES ('2-02-HC', 'M-43434');
INSERT INTO `bbTrack`.`atiende` (`idConsulta`, `Licencia`) VALUES ('2-02-HC', 'M-23444');
INSERT INTO `bbTrack`.`atiende` (`idConsulta`, `Licencia`) VALUES ('2-02-HC', 'M-98488');
INSERT INTO `bbTrack`.`atiende` (`idConsulta`, `Licencia`) VALUES ('2-09-HCH', 'M-23494');
INSERT INTO `bbTrack`.`atiende` (`idConsulta`, `Licencia`) VALUES ('1-22-HC', 'M-32349');
INSERT INTO `bbTrack`.`atiende` (`idConsulta`, `Licencia`) VALUES ('1-22-HC', 'M-10938');
INSERT INTO `bbTrack`.`atiende` (`idConsulta`, `Licencia`) VALUES ('2-09-HCH', 'M-33048');
INSERT INTO `bbTrack`.`atiende` (`idConsulta`, `Licencia`) VALUES ('1-32-HCH', 'M-99432');

COMMIT;


-- -----------------------------------------------------
-- Data for table `bbTrack`.`asiste_a`
-- -----------------------------------------------------
START TRANSACTION;
USE `bbTrack`;
INSERT INTO `bbTrack`.`asiste_a` (`idPaciente`, `idConsulta`, `Fecha_consulta`, `Es_urgente`, `Sintomas`) VALUES ('15815', '2-02-HC', '2018-05-05', 0, NULL);
INSERT INTO `bbTrack`.`asiste_a` (`idPaciente`, `idConsulta`, `Fecha_consulta`, `Es_urgente`, `Sintomas`) VALUES ('15815', '2-02-HC', '2018-10-05', 0, NULL);
INSERT INTO `bbTrack`.`asiste_a` (`idPaciente`, `idConsulta`, `Fecha_consulta`, `Es_urgente`, `Sintomas`) VALUES ('15854', '2-02-HC', '2018-03-03', 0, NULL);
INSERT INTO `bbTrack`.`asiste_a` (`idPaciente`, `idConsulta`, `Fecha_consulta`, `Es_urgente`, `Sintomas`) VALUES ('15854', '1-22-HC', '2018-05-03', 1, NULL);
INSERT INTO `bbTrack`.`asiste_a` (`idPaciente`, `idConsulta`, `Fecha_consulta`, `Es_urgente`, `Sintomas`) VALUES ('17084', '2-09-HCH', '2018-07-07', 0, NULL);
INSERT INTO `bbTrack`.`asiste_a` (`idPaciente`, `idConsulta`, `Fecha_consulta`, `Es_urgente`, `Sintomas`) VALUES ('17084', '1-32-HCH', '2018-09-07', 1, NULL);
INSERT INTO `bbTrack`.`asiste_a` (`idPaciente`, `idConsulta`, `Fecha_consulta`, `Es_urgente`, `Sintomas`) VALUES ('10725', '2-02-HC', '2018-01-25', 0, NULL);
INSERT INTO `bbTrack`.`asiste_a` (`idPaciente`, `idConsulta`, `Fecha_consulta`, `Es_urgente`, `Sintomas`) VALUES ('11194', '2-02-HC', '2018-01-23', 0, NULL);
INSERT INTO `bbTrack`.`asiste_a` (`idPaciente`, `idConsulta`, `Fecha_consulta`, `Es_urgente`, `Sintomas`) VALUES ('19650', '2-02-HC', '2018-02-21', 0, NULL);
INSERT INTO `bbTrack`.`asiste_a` (`idPaciente`, `idConsulta`, `Fecha_consulta`, `Es_urgente`, `Sintomas`) VALUES ('14250', '1-22-HC', '2018-03-19', 1, NULL);
INSERT INTO `bbTrack`.`asiste_a` (`idPaciente`, `idConsulta`, `Fecha_consulta`, `Es_urgente`, `Sintomas`) VALUES ('17785', '1-22-HC', '2018-03-17', 1, NULL);
INSERT INTO `bbTrack`.`asiste_a` (`idPaciente`, `idConsulta`, `Fecha_consulta`, `Es_urgente`, `Sintomas`) VALUES ('11470', '2-09-HCH', '2018-04-15', 0, NULL);
INSERT INTO `bbTrack`.`asiste_a` (`idPaciente`, `idConsulta`, `Fecha_consulta`, `Es_urgente`, `Sintomas`) VALUES ('10009', '2-09-HCH', '2018-04-07', 0, NULL);
INSERT INTO `bbTrack`.`asiste_a` (`idPaciente`, `idConsulta`, `Fecha_consulta`, `Es_urgente`, `Sintomas`) VALUES ('19198', '1-32-HCH', '2018-05-13', 1, NULL);
INSERT INTO `bbTrack`.`asiste_a` (`idPaciente`, `idConsulta`, `Fecha_consulta`, `Es_urgente`, `Sintomas`) VALUES ('17430', '1-32-HCH', '2018-05-10', 1, NULL);

COMMIT;


-- -----------------------------------------------------
-- Data for table `bbTrack`.`FACTOR_DE_RIESGO_PRENATAL`
-- -----------------------------------------------------
START TRANSACTION;
USE `bbTrack`;
INSERT INTO `bbTrack`.`FACTOR_DE_RIESGO_PRENATAL` (`Antecedentes_familiares`, `Factores_psicosociales`, `Antecedentes_obstetricos`, `Antecedentes_personales`, `Patologia_materna`, `Riesgos_especificos`, `Exposicion_a_teratogenos`, `idHistorial`) VALUES ('Hipertensión arterial', 'Tabaco', 'muerte neonatal anterior', NULL, 'Hipertensión arterial', 'Gestacion multiple', NULL, 'H-15815');
INSERT INTO `bbTrack`.`FACTOR_DE_RIESGO_PRENATAL` (`Antecedentes_familiares`, `Factores_psicosociales`, `Antecedentes_obstetricos`, `Antecedentes_personales`, `Patologia_materna`, `Riesgos_especificos`, `Exposicion_a_teratogenos`, `idHistorial`) VALUES ('Diabetes', 'Tabaco', 'aborto', 'diabetes', 'Diabetes gestacional', 'Amenaza de parto pretérmino', 'Fármacos', 'H-15854');
INSERT INTO `bbTrack`.`FACTOR_DE_RIESGO_PRENATAL` (`Antecedentes_familiares`, `Factores_psicosociales`, `Antecedentes_obstetricos`, `Antecedentes_personales`, `Patologia_materna`, `Riesgos_especificos`, `Exposicion_a_teratogenos`, `idHistorial`) VALUES ('Presencia de cromosomopatias', '47 años', 'aborto', 'Obesidad. (IMC>27%)', NULL, 'Amenaza de parto pretérmino', NULL, 'H-17084');
INSERT INTO `bbTrack`.`FACTOR_DE_RIESGO_PRENATAL` (`Antecedentes_familiares`, `Factores_psicosociales`, `Antecedentes_obstetricos`, `Antecedentes_personales`, `Patologia_materna`, `Riesgos_especificos`, `Exposicion_a_teratogenos`, `idHistorial`) VALUES (NULL, '40 años', 'Historia de infertilidad de al menos 2 años', 'diabetes', NULL, NULL, 'Fármacos', 'H-10725');
INSERT INTO `bbTrack`.`FACTOR_DE_RIESGO_PRENATAL` (`Antecedentes_familiares`, `Factores_psicosociales`, `Antecedentes_obstetricos`, `Antecedentes_personales`, `Patologia_materna`, `Riesgos_especificos`, `Exposicion_a_teratogenos`, `idHistorial`) VALUES ('Diabetes', NULL, 'muerte neonatal anterior', 'Obesidad. (IMC>27%)', 'Anemia', 'Estática fetal anómala pasada la semana 36', NULL, 'H-11194');
INSERT INTO `bbTrack`.`FACTOR_DE_RIESGO_PRENATAL` (`Antecedentes_familiares`, `Factores_psicosociales`, `Antecedentes_obstetricos`, `Antecedentes_personales`, `Patologia_materna`, `Riesgos_especificos`, `Exposicion_a_teratogenos`, `idHistorial`) VALUES ('Hipertensión arterial', '45 años', 'Historia de infertilidad de al menos 2 años', NULL, NULL, 'Embarazo prolongado', 'Fármacos', 'H-19560');
INSERT INTO `bbTrack`.`FACTOR_DE_RIESGO_PRENATAL` (`Antecedentes_familiares`, `Factores_psicosociales`, `Antecedentes_obstetricos`, `Antecedentes_personales`, `Patologia_materna`, `Riesgos_especificos`, `Exposicion_a_teratogenos`, `idHistorial`) VALUES (NULL, 'Drogas', 'aborto', 'V.I.H', NULL, NULL, NULL, 'H-14250');
INSERT INTO `bbTrack`.`FACTOR_DE_RIESGO_PRENATAL` (`Antecedentes_familiares`, `Factores_psicosociales`, `Antecedentes_obstetricos`, `Antecedentes_personales`, `Patologia_materna`, `Riesgos_especificos`, `Exposicion_a_teratogenos`, `idHistorial`) VALUES (NULL, '38 años', 'muerte neonatal anterior', 'diabetes', 'Anemia', 'Estática fetal anómala pasada la semana 36', 'Fármacos', 'H-17785');
INSERT INTO `bbTrack`.`FACTOR_DE_RIESGO_PRENATAL` (`Antecedentes_familiares`, `Factores_psicosociales`, `Antecedentes_obstetricos`, `Antecedentes_personales`, `Patologia_materna`, `Riesgos_especificos`, `Exposicion_a_teratogenos`, `idHistorial`) VALUES ('Diabetes', 'Tabaco', 'aborto', NULL, 'Diabetes gestacional', 'Embarazo prolongado', NULL, 'H-11470');
INSERT INTO `bbTrack`.`FACTOR_DE_RIESGO_PRENATAL` (`Antecedentes_familiares`, `Factores_psicosociales`, `Antecedentes_obstetricos`, `Antecedentes_personales`, `Patologia_materna`, `Riesgos_especificos`, `Exposicion_a_teratogenos`, `idHistorial`) VALUES (NULL, '47 años', 'muerte neonatal anterior', NULL, NULL, NULL, 'Fármacos', 'H-10009');
INSERT INTO `bbTrack`.`FACTOR_DE_RIESGO_PRENATAL` (`Antecedentes_familiares`, `Factores_psicosociales`, `Antecedentes_obstetricos`, `Antecedentes_personales`, `Patologia_materna`, `Riesgos_especificos`, `Exposicion_a_teratogenos`, `idHistorial`) VALUES ('Presencia de cromosomopatias', NULL, 'Historia de infertilidad de al menos 2 años', 'V.I.H', 'Diabetes gestacional', NULL, 'Fármacos', 'H-19198');
INSERT INTO `bbTrack`.`FACTOR_DE_RIESGO_PRENATAL` (`Antecedentes_familiares`, `Factores_psicosociales`, `Antecedentes_obstetricos`, `Antecedentes_personales`, `Patologia_materna`, `Riesgos_especificos`, `Exposicion_a_teratogenos`, `idHistorial`) VALUES ('Hipertensión arterial', 'Tabaco', 'muerte neonatal anterior', NULL, 'Diabetes gestacional', NULL, NULL, 'H-17430');
INSERT INTO `bbTrack`.`FACTOR_DE_RIESGO_PRENATAL` (`Antecedentes_familiares`, `Factores_psicosociales`, `Antecedentes_obstetricos`, `Antecedentes_personales`, `Patologia_materna`, `Riesgos_especificos`, `Exposicion_a_teratogenos`, `idHistorial`) VALUES (NULL, NULL, NULL, NULL, NULL, NULL, NULL, DEFAULT);

COMMIT;


-- -----------------------------------------------------
-- Data for table `bbTrack`.`ICD_10`
-- -----------------------------------------------------
START TRANSACTION;
USE `bbTrack`;
INSERT INTO `bbTrack`.`ICD_10` (`Codigo`, `Nombre`) VALUES ('O00-O08', 'Pregnancy with abortive outcome  ');
INSERT INTO `bbTrack`.`ICD_10` (`Codigo`, `Nombre`) VALUES ('O10-O16', 'Oedema, proteinuria and hypertensive disorders in pregnancy, childbirth and the puerperium  ');
INSERT INTO `bbTrack`.`ICD_10` (`Codigo`, `Nombre`) VALUES ('O20-O29', 'Other maternal disorders predominantly related to pregnancy  ');
INSERT INTO `bbTrack`.`ICD_10` (`Codigo`, `Nombre`) VALUES ('O30-O48', 'Maternal care related to the fetus and amniotic cavity and possible delivery problems  ');
INSERT INTO `bbTrack`.`ICD_10` (`Codigo`, `Nombre`) VALUES ('O60-O75', 'Complications of labour and delivery  ');
INSERT INTO `bbTrack`.`ICD_10` (`Codigo`, `Nombre`) VALUES ('O80-084', 'Delivery  ');
INSERT INTO `bbTrack`.`ICD_10` (`Codigo`, `Nombre`) VALUES ('O85-O92', 'Complications predominantly related to the puerperium  ');
INSERT INTO `bbTrack`.`ICD_10` (`Codigo`, `Nombre`) VALUES ('O94-O99', 'Other obstetric conditions, not elsewhere classified  ');

COMMIT;


-- -----------------------------------------------------
-- Data for table `bbTrack`.`INFORME_ICD_10`
-- -----------------------------------------------------
START TRANSACTION;
USE `bbTrack`;
INSERT INTO `bbTrack`.`INFORME_ICD_10` (`Codigo`, `IdInforme`) VALUES ('O30-O48', 'H-15854-122HC-180503');
INSERT INTO `bbTrack`.`INFORME_ICD_10` (`Codigo`, `IdInforme`) VALUES ('O60-O75', 'H-17084-209HCH-180707');
INSERT INTO `bbTrack`.`INFORME_ICD_10` (`Codigo`, `IdInforme`) VALUES ('O80-084', 'H-17084-132HCH-180907');
INSERT INTO `bbTrack`.`INFORME_ICD_10` (`Codigo`, `IdInforme`) VALUES ('O85-O92', 'H-10725-202HC-180125');
INSERT INTO `bbTrack`.`INFORME_ICD_10` (`Codigo`, `IdInforme`) VALUES ('O94-O99', 'H-11194-202HC-180123');
INSERT INTO `bbTrack`.`INFORME_ICD_10` (`Codigo`, `IdInforme`) VALUES ('O20-O29', 'H-19650-202HC-180221');
INSERT INTO `bbTrack`.`INFORME_ICD_10` (`Codigo`, `IdInforme`) VALUES ('O30-O48', 'H-14250-122HC-180319');
INSERT INTO `bbTrack`.`INFORME_ICD_10` (`Codigo`, `IdInforme`) VALUES ('O30-O48', 'H-17785-122HC-180317');
INSERT INTO `bbTrack`.`INFORME_ICD_10` (`Codigo`, `IdInforme`) VALUES ('O30-O48', 'H-11470-209HCH-180415');
INSERT INTO `bbTrack`.`INFORME_ICD_10` (`Codigo`, `IdInforme`) VALUES ('O10-O16', 'H-10009-209HCH-180407');
INSERT INTO `bbTrack`.`INFORME_ICD_10` (`Codigo`, `IdInforme`) VALUES ('O00-O08', 'H-17430-132HCH-180510');
INSERT INTO `bbTrack`.`INFORME_ICD_10` (`Codigo`, `IdInforme`) VALUES ('O10-O16', 'H-15815-202HC-180505');
INSERT INTO `bbTrack`.`INFORME_ICD_10` (`Codigo`, `IdInforme`) VALUES ('O10-O16', 'H-17084-132HCH-180907');
INSERT INTO `bbTrack`.`INFORME_ICD_10` (`Codigo`, `IdInforme`) VALUES ('O30-O48', 'H-10725-202HC-180125');
INSERT INTO `bbTrack`.`INFORME_ICD_10` (`Codigo`, `IdInforme`) VALUES ('O60-075', 'H-11470-209HCH-180415');
INSERT INTO `bbTrack`.`INFORME_ICD_10` (`Codigo`, `IdInforme`) VALUES ('O30-O48', 'H-10009-209HCH-180407');
INSERT INTO `bbTrack`.`INFORME_ICD_10` (`Codigo`, `IdInforme`) VALUES ('O30-O48', 'H-19198-132HCH-180513');
INSERT INTO `bbTrack`.`INFORME_ICD_10` (`Codigo`, `IdInforme`) VALUES ('O10-O16', 'H-17430-132HCH-180510');
INSERT INTO `bbTrack`.`INFORME_ICD_10` (`Codigo`, `IdInforme`) VALUES ('O30-O48', 'H-15815-202HC-180505');
INSERT INTO `bbTrack`.`INFORME_ICD_10` (`Codigo`, `IdInforme`) VALUES ('O10-O16', 'H-15854-202HC-180303');
INSERT INTO `bbTrack`.`INFORME_ICD_10` (`Codigo`, `IdInforme`) VALUES ('O30-O48', 'H-17084-209HCH-180707');
INSERT INTO `bbTrack`.`INFORME_ICD_10` (`Codigo`, `IdInforme`) VALUES ('O30-O48', 'H-17084-132HCH-180907');
INSERT INTO `bbTrack`.`INFORME_ICD_10` (`Codigo`, `IdInforme`) VALUES ('O80-084', 'H-10725-202HC-180125');
INSERT INTO `bbTrack`.`INFORME_ICD_10` (`Codigo`, `IdInforme`) VALUES ('O60-O75', 'H-11194-202HC-180123');

COMMIT;


SET SQL_MODE=@OLD_SQL_MODE;
SET FOREIGN_KEY_CHECKS=@OLD_FOREIGN_KEY_CHECKS;
SET UNIQUE_CHECKS=@OLD_UNIQUE_CHECKS;
