<?xml version="1.0" encoding="UTF-8"?>
<?xml-stylesheet type="text/xsl" href="XSLHome.xsl"?>
<bbTrack xmlns:xsi="http://www.w3.org/2001/XMLSchema-instance" xsi:noNamespaceSchemaLocation="XSDGeneral.xsd">
	<Pacientes>
		<Paciente idPaciente="10009">
			<NUSS>AN-10009</NUSS>
			<Nombre>Carmen</Nombre>
			<Apellidos>Benitez Amancio</Apellidos>
			<Sexo>Mujer</Sexo>
			<Fecha_nacimiento>1998-03-04</Fecha_nacimiento>
			<Domicilio>Malaga</Domicilio>
			<Localidad>Malaga</Localidad>
			<Correo_electronico>carmenBn@bbtrack.es</Correo_electronico>
			<Telefono>769154260</Telefono>
			<Embarazada>1</Embarazada>
			<Historial idHistorial="H-10009">
				<Fecha_primera_consulta>2019-04-07</Fecha_primera_consulta>
				<Vacunas></Vacunas>
				<Factor_de_riesgo_prenatal>
					<Antecedentes_familiares></Antecedentes_familiares>
					<Factores_psicosociales>47 años</Factores_psicosociales>
					<Antecedentes_obstetricos>muerte neonatal anterior</Antecedentes_obstetricos>
					<Antecedentes_personales></Antecedentes_personales>
					<Patologia_materna></Patologia_materna>
					<Riesgos_especificos></Riesgos_especificos>
					<Exposicion_a_teratogenos>Fármacos</Exposicion_a_teratogenos>
				</Factor_de_riesgo_prenatal>
				<Informe Informe="H-10009-209HCH-190204">
					<Licencia_medico>M-10938</Licencia_medico>
					<Estado_paciente>Estable</Estado_paciente>
					<Diagnostico>Analisis correcto</Diagnostico>
					<idConsulta>2-09-HCH</idConsulta>
					<Fecha_consulta>2019-02-04</Fecha_consulta>
					<ICD_10>
						<Codigo_ICD_10>Z52.090</Codigo_ICD_10>
						<Codigo_ICD_10>T80.51XS</Codigo_ICD_10>
						<Codigo_ICD_10>Z52.098</Codigo_ICD_10>
						<Codigo_ICD_10>O04.3</Codigo_ICD_10>
						<Codigo_ICD_10>O00.2</Codigo_ICD_10>
						<Codigo_ICD_10>O02.3</Codigo_ICD_10>
						<Codigo_ICD_10>J67.0</Codigo_ICD_10>
					</ICD_10>
					<Prueba idPrueba="12">
						<idPrueba_externo>P-H-10009-209HCH-190204-12</idPrueba_externo>
						<Nombre>Analisis de sangre</Nombre>
						<Observaciones>Bien</Observaciones>
						<Tipo>Rutinaria</Tipo>
					</Prueba>
					<Prueba idPrueba="13">
						<idPrueba_externo>P-H-10009-209HCH-190204-13</idPrueba_externo>
						<Nombre>Amniocentesis</Nombre>
						<Observaciones>Ok</Observaciones>
						<Tipo>Especial</Tipo>
					</Prueba>
				</Informe>
				<Informe Informe="H-10009-209HCH-190207">
					<Licencia_medico>M-10938</Licencia_medico>
					<Estado_paciente>Grave inestable</Estado_paciente>
					<Diagnostico>sad</Diagnostico>
					<idConsulta>2-09-HCH</idConsulta>
					<Fecha_consulta>2019-02-07</Fecha_consulta>
					<ICD_10>
					</ICD_10>
					<Prueba idPrueba="">
						<idPrueba_externo></idPrueba_externo>
						<Nombre></Nombre>
						<Observaciones></Observaciones>
						<Tipo></Tipo>
					</Prueba>
				</Informe>
				<Informe Informe="H-10009-209HCH-190407">
					<Licencia_medico>M-33048</Licencia_medico>
					<Estado_paciente>Estable</Estado_paciente>
					<Diagnostico>Seguimiento embarazo de alto riesgo. Solicita prueba cariotipo</Diagnostico>
					<idConsulta>2-09-HCH</idConsulta>
					<Fecha_consulta>2019-04-07</Fecha_consulta>
					<ICD_10>
						<Codigo_ICD_10>O10.3</Codigo_ICD_10>
						<Codigo_ICD_10>O02.3</Codigo_ICD_10>
					</ICD_10>
					<Prueba idPrueba="P-10">
						<idPrueba_externo>P-10009-209HCH-190407</idPrueba_externo>
						<Nombre>Cariotipo</Nombre>
						<Observaciones>Todo correcto</Observaciones>
						<Tipo>Rutinaria</Tipo>
					</Prueba>
				</Informe>
			</Historial>
		</Paciente>
		<Paciente idPaciente="10725">
			<NUSS>AN-10725</NUSS>
			<Nombre>Leticia</Nombre>
			<Apellidos>Lara Benitez</Apellidos>
			<Sexo>Mujer</Sexo>
			<Fecha_nacimiento>1996-12-01</Fecha_nacimiento>
			<Domicilio>C/Tintoreria 48</Domicilio>
			<Localidad>Malaga</Localidad>
			<Correo_electronico>leticiaLr@bbtrack.es</Correo_electronico>
			<Telefono>627529703</Telefono>
			<Embarazada>1</Embarazada>
			<Historial idHistorial="H-10725">
				<Fecha_primera_consulta>2019-01-25</Fecha_primera_consulta>
				<Vacunas></Vacunas>
				<Factor_de_riesgo_prenatal>
					<Antecedentes_familiares></Antecedentes_familiares>
					<Factores_psicosociales>40 años</Factores_psicosociales>
					<Antecedentes_obstetricos>Historia de infertilidad de al menos 2 años</Antecedentes_obstetricos>
					<Antecedentes_personales>diabetes</Antecedentes_personales>
					<Patologia_materna></Patologia_materna>
					<Riesgos_especificos></Riesgos_especificos>
					<Exposicion_a_teratogenos>Fármacos</Exposicion_a_teratogenos>
				</Factor_de_riesgo_prenatal>
				<Informe Informe="H-10725-202HC-190125">
					<Licencia_medico>M-43434</Licencia_medico>
					<Estado_paciente>Estable</Estado_paciente>
					<Diagnostico>El paciente solicita prueba de esterilidad</Diagnostico>
					<idConsulta>2-02-HC</idConsulta>
					<Fecha_consulta>2019-01-25</Fecha_consulta>
					<ICD_10>
						<Codigo_ICD_10>O05.4</Codigo_ICD_10>
						<Codigo_ICD_10>O05.4</Codigo_ICD_10>
						<Codigo_ICD_10>O11.1</Codigo_ICD_10>
					</ICD_10>
					<Prueba idPrueba="P-6">
						<idPrueba_externo>P-10725-202HC-190125</idPrueba_externo>
						<Nombre>Ecografia transvaginal</Nombre>
						<Observaciones>Todo correcto</Observaciones>
						<Tipo>Especial</Tipo>
					</Prueba>
				</Informe>
			</Historial>
		</Paciente>
		<Paciente idPaciente="11194">
			<NUSS>AN-11194</NUSS>
			<Nombre>Leyre</Nombre>
			<Apellidos>Trujillo Ruiz</Apellidos>
			<Sexo>Mujer</Sexo>
			<Fecha_nacimiento>1992-11-12</Fecha_nacimiento>
			<Domicilio>C/Union 49</Domicilio>
			<Localidad>Malaga</Localidad>
			<Correo_electronico>leyreTu@bbtrack.es</Correo_electronico>
			<Telefono>691632540</Telefono>
			<Embarazada>1</Embarazada>
			<Historial idHistorial="H-11194">
				<Fecha_primera_consulta>2019-02-23</Fecha_primera_consulta>
				<Vacunas></Vacunas>
				<Factor_de_riesgo_prenatal>
					<Antecedentes_familiares>Diabetes</Antecedentes_familiares>
					<Factores_psicosociales></Factores_psicosociales>
					<Antecedentes_obstetricos>muerte neonatal anterior</Antecedentes_obstetricos>
					<Antecedentes_personales>Obesidad. (IMC>27%)</Antecedentes_personales>
					<Patologia_materna>Anemia</Patologia_materna>
					<Riesgos_especificos>Estática fetal anómala pasada la semana 36</Riesgos_especificos>
					<Exposicion_a_teratogenos></Exposicion_a_teratogenos>
				</Factor_de_riesgo_prenatal>
				<Informe Informe="H-11194-202HC-190123">
					<Licencia_medico>M-23444</Licencia_medico>
					<Estado_paciente>Grave estable</Estado_paciente>
					<Diagnostico>Malestar estomacal debido a un virus</Diagnostico>
					<idConsulta>2-02-HC</idConsulta>
					<Fecha_consulta>2019-01-23</Fecha_consulta>
					<ICD_10>
						<Codigo_ICD_10>O06.3</Codigo_ICD_10>
						<Codigo_ICD_10>O00.2</Codigo_ICD_10>
						<Codigo_ICD_10>O11.1</Codigo_ICD_10>
					</ICD_10>
					<Prueba idPrueba="">
						<idPrueba_externo></idPrueba_externo>
						<Nombre></Nombre>
						<Observaciones></Observaciones>
						<Tipo></Tipo>
					</Prueba>
				</Informe>
			</Historial>
		</Paciente>
		<Paciente idPaciente="11470">
			<NUSS>AN-11470</NUSS>
			<Nombre>Inmaculada</Nombre>
			<Apellidos>Valera Trujillo</Apellidos>
			<Sexo>Mujer</Sexo>
			<Fecha_nacimiento>1997-03-03</Fecha_nacimiento>
			<Domicilio>C/Malagueta 53</Domicilio>
			<Localidad>Malaga</Localidad>
			<Correo_electronico>inmaculadaVl@bbtrack.es</Correo_electronico>
			<Telefono>601529436</Telefono>
			<Embarazada>0</Embarazada>
			<Historial idHistorial="H-11470">
				<Fecha_primera_consulta>2019-04-15</Fecha_primera_consulta>
				<Vacunas></Vacunas>
				<Factor_de_riesgo_prenatal>
					<Antecedentes_familiares>Diabetes</Antecedentes_familiares>
					<Factores_psicosociales>Tabaco</Factores_psicosociales>
					<Antecedentes_obstetricos>aborto</Antecedentes_obstetricos>
					<Antecedentes_personales></Antecedentes_personales>
					<Patologia_materna>Diabetes gestacional</Patologia_materna>
					<Riesgos_especificos>Embarazo prolongado</Riesgos_especificos>
					<Exposicion_a_teratogenos></Exposicion_a_teratogenos>
				</Factor_de_riesgo_prenatal>
				<Informe Informe="H-11470-202HC-190204">
					<Licencia_medico>M-10938</Licencia_medico>
					<Estado_paciente>Grave inestable</Estado_paciente>
					<Diagnostico>adf</Diagnostico>
					<idConsulta>2-02-HC</idConsulta>
					<Fecha_consulta>2019-02-04</Fecha_consulta>
					<ICD_10>
						<Codigo_ICD_10>O02.3</Codigo_ICD_10>
						<Codigo_ICD_10>J67.0</Codigo_ICD_10>
						<Codigo_ICD_10>D70.1</Codigo_ICD_10>
						<Codigo_ICD_10>R97.1</Codigo_ICD_10>
					</ICD_10>
					<Prueba idPrueba="14">
						<idPrueba_externo>P-H-11470-202HC-190204-14</idPrueba_externo>
						<Nombre>adf</Nombre>
						<Observaciones>adf</Observaciones>
						<Tipo>Rutinaria</Tipo>
					</Prueba>
				</Informe>
				<Informe Informe="H-11470-209HCH-190415">
					<Licencia_medico>M-23494</Licencia_medico>
					<Estado_paciente>Estable</Estado_paciente>
					<Diagnostico>El paciente solicita prueba de esterilidad</Diagnostico>
					<idConsulta>2-09-HCH</idConsulta>
					<Fecha_consulta>2019-04-15</Fecha_consulta>
					<ICD_10>
						<Codigo_ICD_10>O11.1</Codigo_ICD_10>
						<Codigo_ICD_10>O00.2</Codigo_ICD_10>
					</ICD_10>
					<Prueba idPrueba="P-9">
						<idPrueba_externo>P-11470-209HCH-190415</idPrueba_externo>
						<Nombre>Ecografia transvaginal</Nombre>
						<Observaciones>Lesion en las trompas de falopio</Observaciones>
						<Tipo>Especial</Tipo>
					</Prueba>
				</Informe>
			</Historial>
		</Paciente>
		<Paciente idPaciente="11529">
			<NUSS>AN-11529</NUSS>
			<Nombre>Dorotea</Nombre>
			<Apellidos>Buendia Calzado</Apellidos>
			<Sexo>Mujer</Sexo>
			<Fecha_nacimiento>1997-03-10</Fecha_nacimiento>
			<Domicilio>C/Joaquin 60</Domicilio>
			<Localidad>Malaga</Localidad>
			<Correo_electronico>doroteaBe@bbtrack.es</Correo_electronico>
			<Telefono>729626220</Telefono>
			<Embarazada>1</Embarazada>
			<Historial idHistorial="">
				<Fecha_primera_consulta></Fecha_primera_consulta>
				<Vacunas></Vacunas>
				<Factor_de_riesgo_prenatal>
					<Antecedentes_familiares></Antecedentes_familiares>
					<Factores_psicosociales></Factores_psicosociales>
					<Antecedentes_obstetricos></Antecedentes_obstetricos>
					<Antecedentes_personales></Antecedentes_personales>
					<Patologia_materna></Patologia_materna>
					<Riesgos_especificos></Riesgos_especificos>
					<Exposicion_a_teratogenos></Exposicion_a_teratogenos>
				</Factor_de_riesgo_prenatal>
				<Informe Informe="">
					<Licencia_medico></Licencia_medico>
					<Estado_paciente></Estado_paciente>
					<Diagnostico></Diagnostico>
					<idConsulta></idConsulta>
					<Fecha_consulta></Fecha_consulta>
					<ICD_10>
						<Codigo_ICD_10></Codigo_ICD_10>
					</ICD_10>
					<Prueba idPrueba="">
						<idPrueba_externo></idPrueba_externo>
						<Nombre></Nombre>
						<Observaciones></Observaciones>
						<Tipo></Tipo>
					</Prueba>
				</Informe>
			</Historial>
		</Paciente>
		<Paciente idPaciente="12288">
			<NUSS>AN-12288</NUSS>
			<Nombre>Dolores</Nombre>
			<Apellidos>Ruiz Calzado</Apellidos>
			<Sexo>Mujer</Sexo>
			<Fecha_nacimiento>1997-03-08</Fecha_nacimiento>
			<Domicilio>C/Torres 58</Domicilio>
			<Localidad>Alhaurin de la Torre</Localidad>
			<Correo_electronico>doloresRi@bbtrack.es</Correo_electronico>
			<Telefono>627550890</Telefono>
			<Embarazada>1</Embarazada>
			<Historial idHistorial="">
				<Fecha_primera_consulta></Fecha_primera_consulta>
				<Vacunas></Vacunas>
				<Factor_de_riesgo_prenatal>
					<Antecedentes_familiares></Antecedentes_familiares>
					<Factores_psicosociales></Factores_psicosociales>
					<Antecedentes_obstetricos></Antecedentes_obstetricos>
					<Antecedentes_personales></Antecedentes_personales>
					<Patologia_materna></Patologia_materna>
					<Riesgos_especificos></Riesgos_especificos>
					<Exposicion_a_teratogenos></Exposicion_a_teratogenos>
				</Factor_de_riesgo_prenatal>
				<Informe Informe="">
					<Licencia_medico></Licencia_medico>
					<Estado_paciente></Estado_paciente>
					<Diagnostico></Diagnostico>
					<idConsulta></idConsulta>
					<Fecha_consulta></Fecha_consulta>
					<ICD_10>
						<Codigo_ICD_10></Codigo_ICD_10>
					</ICD_10>
					<Prueba idPrueba="">
						<idPrueba_externo></idPrueba_externo>
						<Nombre></Nombre>
						<Observaciones></Observaciones>
						<Tipo></Tipo>
					</Prueba>
				</Informe>
			</Historial>
		</Paciente>
		<Paciente idPaciente="14250">
			<NUSS>AN-14250</NUSS>
			<Nombre>Almudena</Nombre>
			<Apellidos>Asensio Maside</Apellidos>
			<Sexo>Mujer</Sexo>
			<Fecha_nacimiento>1989-12-05</Fecha_nacimiento>
			<Domicilio>C/Vicente 51</Domicilio>
			<Localidad>Malaga</Localidad>
			<Correo_electronico>almudenaAe@bbtrack.es</Correo_electronico>
			<Telefono>654555531</Telefono>
			<Embarazada>1</Embarazada>
			<Historial idHistorial="H-14250">
				<Fecha_primera_consulta>2019-03-19</Fecha_primera_consulta>
				<Vacunas></Vacunas>
				<Factor_de_riesgo_prenatal>
					<Antecedentes_familiares></Antecedentes_familiares>
					<Factores_psicosociales>Drogas</Factores_psicosociales>
					<Antecedentes_obstetricos>aborto</Antecedentes_obstetricos>
					<Antecedentes_personales>V.I.H</Antecedentes_personales>
					<Patologia_materna></Patologia_materna>
					<Riesgos_especificos></Riesgos_especificos>
					<Exposicion_a_teratogenos></Exposicion_a_teratogenos>
				</Factor_de_riesgo_prenatal>
				<Informe Informe="H-14250-122HC-190319">
					<Licencia_medico>M-32349</Licencia_medico>
					<Estado_paciente>Estable</Estado_paciente>
					<Diagnostico>Esguince de primer grado</Diagnostico>
					<idConsulta>1-22-HC</idConsulta>
					<Fecha_consulta>2019-03-19</Fecha_consulta>
					<ICD_10>
						<Codigo_ICD_10>O00.1</Codigo_ICD_10>
					</ICD_10>
					<Prueba idPrueba="P-8">
						<idPrueba_externo>P-14250-122HC-190319</idPrueba_externo>
						<Nombre>Radiografia</Nombre>
						<Observaciones>Esguince de primer grado</Observaciones>
						<Tipo>Especial</Tipo>
					</Prueba>
				</Informe>
			</Historial>
		</Paciente>
		<Paciente idPaciente="15815">
			<NUSS>AN-15815</NUSS>
			<Nombre>Maria</Nombre>
			<Apellidos>Lopez Perez</Apellidos>
			<Sexo>Mujer</Sexo>
			<Fecha_nacimiento>1997-12-20</Fecha_nacimiento>
			<Domicilio>C/Lucena 45</Domicilio>
			<Localidad>Malaga</Localidad>
			<Correo_electronico>mariaLp@bbtrack.es</Correo_electronico>
			<Telefono>724444896</Telefono>
			<Embarazada>0</Embarazada>
			<Historial idHistorial="H-15815">
				<Fecha_primera_consulta>2019-05-05</Fecha_primera_consulta>
				<Vacunas></Vacunas>
				<Factor_de_riesgo_prenatal>
					<Antecedentes_familiares>Hipertensión arterial</Antecedentes_familiares>
					<Factores_psicosociales>Tabaco</Factores_psicosociales>
					<Antecedentes_obstetricos>muerte neonatal anterior</Antecedentes_obstetricos>
					<Antecedentes_personales></Antecedentes_personales>
					<Patologia_materna>Hipertensión arterial</Patologia_materna>
					<Riesgos_especificos>Gestacion multiple</Riesgos_especificos>
					<Exposicion_a_teratogenos></Exposicion_a_teratogenos>
				</Factor_de_riesgo_prenatal>
				<Informe Informe="H-15815-202HC-190505">
					<Licencia_medico>M-43434</Licencia_medico>
					<Estado_paciente>Estable</Estado_paciente>
					<Diagnostico>El paciente ha intentado quedarse embarazada y no procede. Se solicita cita con especialista</Diagnostico>
					<idConsulta>2-02-HC</idConsulta>
					<Fecha_consulta>2019-05-05</Fecha_consulta>
					<ICD_10>
						<Codigo_ICD_10>O00.1</Codigo_ICD_10>
						<Codigo_ICD_10>O11.1</Codigo_ICD_10>
						<Codigo_ICD_10>O00.1</Codigo_ICD_10>
					</ICD_10>
					<Prueba idPrueba="">
						<idPrueba_externo></idPrueba_externo>
						<Nombre></Nombre>
						<Observaciones></Observaciones>
						<Tipo></Tipo>
					</Prueba>
				</Informe>
				<Informe Informe="H-15815-202HC-191005">
					<Licencia_medico>M-23444</Licencia_medico>
					<Estado_paciente>Estable</Estado_paciente>
					<Diagnostico>Se solicita analisis de sangre</Diagnostico>
					<idConsulta>2-02-HC</idConsulta>
					<Fecha_consulta>2019-10-05</Fecha_consulta>
					<ICD_10>
						<Codigo_ICD_10>O00.2</Codigo_ICD_10>
						<Codigo_ICD_10>O05.4</Codigo_ICD_10>
						<Codigo_ICD_10>O02.3</Codigo_ICD_10>
					</ICD_10>
					<Prueba idPrueba="P-5">
						<idPrueba_externo>P-15815-202HC-191005</idPrueba_externo>
						<Nombre>Analisis de sangre</Nombre>
						<Observaciones>Anemia</Observaciones>
						<Tipo>Rutinaria</Tipo>
					</Prueba>
				</Informe>
			</Historial>
		</Paciente>
		<Paciente idPaciente="15854">
			<NUSS>AN-15854</NUSS>
			<Nombre>Araceli</Nombre>
			<Apellidos>Toscano Medina</Apellidos>
			<Sexo>Mujer</Sexo>
			<Fecha_nacimiento>1980-12-10</Fecha_nacimiento>
			<Domicilio>C/Julio de Tormes 46</Domicilio>
			<Localidad>Malaga</Localidad>
			<Correo_electronico>araceliTs@bbtrack.es</Correo_electronico>
			<Telefono>637565322</Telefono>
			<Embarazada>1</Embarazada>
			<Historial idHistorial="H-15854">
				<Fecha_primera_consulta>2019-03-03</Fecha_primera_consulta>
				<Vacunas></Vacunas>
				<Factor_de_riesgo_prenatal>
					<Antecedentes_familiares>Diabetes</Antecedentes_familiares>
					<Factores_psicosociales>Tabaco</Factores_psicosociales>
					<Antecedentes_obstetricos>aborto</Antecedentes_obstetricos>
					<Antecedentes_personales>diabetes</Antecedentes_personales>
					<Patologia_materna>Diabetes gestacional</Patologia_materna>
					<Riesgos_especificos>Amenaza de parto pretérmino</Riesgos_especificos>
					<Exposicion_a_teratogenos>Fármacos</Exposicion_a_teratogenos>
				</Factor_de_riesgo_prenatal>
				<Informe Informe="H-15854-202HC-190303">
					<Licencia_medico>M-98488</Licencia_medico>
					<Estado_paciente>Estable</Estado_paciente>
					<Diagnostico>Prueba rutinaria completada</Diagnostico>
					<idConsulta>2-02-HC</idConsulta>
					<Fecha_consulta>2019-03-03</Fecha_consulta>
					<ICD_10>
						<Codigo_ICD_10>O00.1</Codigo_ICD_10>
						<Codigo_ICD_10>O10.3</Codigo_ICD_10>
						<Codigo_ICD_10>O00.2</Codigo_ICD_10>
					</ICD_10>
					<Prueba idPrueba="P-1">
						<idPrueba_externo>P-15854-202HC-190303-1</idPrueba_externo>
						<Nombre>Analisis de sangre</Nombre>
						<Observaciones>Todo correcto</Observaciones>
						<Tipo>Rutinaria</Tipo>
					</Prueba>
					<Prueba idPrueba="P-3">
						<idPrueba_externo>P-15854-202HC-190303-2</idPrueba_externo>
						<Nombre>Amniocentesis</Nombre>
						<Observaciones>Todo correcto</Observaciones>
						<Tipo>Especial</Tipo>
					</Prueba>
				</Informe>
			</Historial>
		</Paciente>
		<Paciente idPaciente="17084">
			<NUSS>AN-17084</NUSS>
			<Nombre>Celia</Nombre>
			<Apellidos>Del Bosque Santaella</Apellidos>
			<Sexo>Mujer</Sexo>
			<Fecha_nacimiento>1990-02-12</Fecha_nacimiento>
			<Domicilio>C/Torremolinos 47</Domicilio>
			<Localidad>Malaga</Localidad>
			<Correo_electronico>celiaDl@bbtrack.es</Correo_electronico>
			<Telefono>761635888</Telefono>
			<Embarazada>1</Embarazada>
			<Historial idHistorial="H-17084">
				<Fecha_primera_consulta>2019-07-07</Fecha_primera_consulta>
				<Vacunas></Vacunas>
				<Factor_de_riesgo_prenatal>
					<Antecedentes_familiares>Presencia de cromosomopatias</Antecedentes_familiares>
					<Factores_psicosociales>47 años</Factores_psicosociales>
					<Antecedentes_obstetricos>aborto</Antecedentes_obstetricos>
					<Antecedentes_personales>Obesidad. (IMC>27%)</Antecedentes_personales>
					<Patologia_materna></Patologia_materna>
					<Riesgos_especificos>Amenaza de parto pretérmino</Riesgos_especificos>
					<Exposicion_a_teratogenos></Exposicion_a_teratogenos>
				</Factor_de_riesgo_prenatal>
				<Informe Informe="H-17084-132HCH-190907">
					<Licencia_medico>M-99432</Licencia_medico>
					<Estado_paciente>Grave estable</Estado_paciente>
					<Diagnostico>Anginas</Diagnostico>
					<idConsulta>1-32-HCH</idConsulta>
					<Fecha_consulta>2019-09-07</Fecha_consulta>
					<ICD_10>
						<Codigo_ICD_10>O05.4</Codigo_ICD_10>
						<Codigo_ICD_10>O05.4</Codigo_ICD_10>
						<Codigo_ICD_10>O02.3</Codigo_ICD_10>
					</ICD_10>
					<Prueba idPrueba="">
						<idPrueba_externo></idPrueba_externo>
						<Nombre></Nombre>
						<Observaciones></Observaciones>
						<Tipo></Tipo>
					</Prueba>
				</Informe>
				<Informe Informe="H-17084-209HCH-190707">
					<Licencia_medico>M-23494</Licencia_medico>
					<Estado_paciente>Estable</Estado_paciente>
					<Diagnostico>Prueba rutinaria compleada</Diagnostico>
					<idConsulta>2-09-HCH</idConsulta>
					<Fecha_consulta>2019-07-07</Fecha_consulta>
					<ICD_10>
						<Codigo_ICD_10>O05.4</Codigo_ICD_10>
						<Codigo_ICD_10>O05.4</Codigo_ICD_10>
						<Codigo_ICD_10>O00.2</Codigo_ICD_10>
					</ICD_10>
					<Prueba idPrueba="P-2">
						<idPrueba_externo>P-17084-209HCH-190707-1</idPrueba_externo>
						<Nombre>Analisis de orina</Nombre>
						<Observaciones>Toco correcto</Observaciones>
						<Tipo>Rutinaria</Tipo>
					</Prueba>
					<Prueba idPrueba="P-4">
						<idPrueba_externo>P-17084-209HCH-190707-2</idPrueba_externo>
						<Nombre>Ecografia</Nombre>
						<Observaciones>Toco correcto</Observaciones>
						<Tipo>Rutinaria</Tipo>
					</Prueba>
				</Informe>
			</Historial>
		</Paciente>
		<Paciente idPaciente="17430">
			<NUSS>AN-17430</NUSS>
			<Nombre>Paloma</Nombre>
			<Apellidos>Amancio Ortega</Apellidos>
			<Sexo>Mujer</Sexo>
			<Fecha_nacimiento>1997-07-24</Fecha_nacimiento>
			<Domicilio>C/Cordoba 56</Domicilio>
			<Localidad>Alhaurin de la Torre</Localidad>
			<Correo_electronico>palomaAa@bbtrack.es</Correo_electronico>
			<Telefono>751849297</Telefono>
			<Embarazada>0</Embarazada>
			<Historial idHistorial="H-17430">
				<Fecha_primera_consulta>2019-05-10</Fecha_primera_consulta>
				<Vacunas></Vacunas>
				<Factor_de_riesgo_prenatal>
					<Antecedentes_familiares>Hipertensión arterial</Antecedentes_familiares>
					<Factores_psicosociales>Tabaco</Factores_psicosociales>
					<Antecedentes_obstetricos>muerte neonatal anterior</Antecedentes_obstetricos>
					<Antecedentes_personales></Antecedentes_personales>
					<Patologia_materna>Diabetes gestacional</Patologia_materna>
					<Riesgos_especificos></Riesgos_especificos>
					<Exposicion_a_teratogenos></Exposicion_a_teratogenos>
				</Factor_de_riesgo_prenatal>
				<Informe Informe="H-17430-132HCH-190510">
					<Licencia_medico>M-99432</Licencia_medico>
					<Estado_paciente>Estable</Estado_paciente>
					<Diagnostico>El paciente solicita prueba de esterilidad</Diagnostico>
					<idConsulta>1-32-HCH</idConsulta>
					<Fecha_consulta>2019-05-10</Fecha_consulta>
					<ICD_10>
						<Codigo_ICD_10>O05.4</Codigo_ICD_10>
						<Codigo_ICD_10>O00.2</Codigo_ICD_10>
					</ICD_10>
					<Prueba idPrueba="P-11">
						<idPrueba_externo>P-17430-132HCH-190510</idPrueba_externo>
						<Nombre>Histeroscopia</Nombre>
						<Observaciones>Todo correcto</Observaciones>
						<Tipo>Especial</Tipo>
					</Prueba>
				</Informe>
				<Informe Informe="H-17430-209HCH-190204">
					<Licencia_medico>M-10938</Licencia_medico>
					<Estado_paciente>Grave estable</Estado_paciente>
					<Diagnostico>Analisis</Diagnostico>
					<idConsulta>2-09-HCH</idConsulta>
					<Fecha_consulta>2019-02-04</Fecha_consulta>
					<ICD_10>
						<Codigo_ICD_10>D86.0</Codigo_ICD_10>
						<Codigo_ICD_10>J67.4</Codigo_ICD_10>
						<Codigo_ICD_10>J67.2</Codigo_ICD_10>
						<Codigo_ICD_10>R97.1</Codigo_ICD_10>
						<Codigo_ICD_10>D70.1</Codigo_ICD_10>
						<Codigo_ICD_10>O00.1</Codigo_ICD_10>
						<Codigo_ICD_10>O00.2</Codigo_ICD_10>
						<Codigo_ICD_10>O04.3</Codigo_ICD_10>
						<Codigo_ICD_10>O05.4</Codigo_ICD_10>
					</ICD_10>
					<Prueba idPrueba="15">
						<idPrueba_externo>P-H-17430-209HCH-190204-15</idPrueba_externo>
						<Nombre>Analisis</Nombre>
						<Observaciones>asdf</Observaciones>
						<Tipo>Rutinaria</Tipo>
					</Prueba>
					<Prueba idPrueba="16">
						<idPrueba_externo>P-H-17430-209HCH-190204-16</idPrueba_externo>
						<Nombre>Aminiocentesis</Nombre>
						<Observaciones>Correcto</Observaciones>
						<Tipo>Rutinaria</Tipo>
					</Prueba>
				</Informe>
			</Historial>
		</Paciente>
		<Paciente idPaciente="17785">
			<NUSS>AN-17785</NUSS>
			<Nombre>Maria</Nombre>
			<Apellidos>Quiroga Lopez</Apellidos>
			<Sexo>Mujer</Sexo>
			<Fecha_nacimiento>1998-01-01</Fecha_nacimiento>
			<Domicilio>C/Andalucia 52</Domicilio>
			<Localidad>Malaga</Localidad>
			<Correo_electronico>mariaQi@bbtrack.es</Correo_electronico>
			<Telefono>685047012</Telefono>
			<Embarazada>1</Embarazada>
			<Historial idHistorial="H-17785">
				<Fecha_primera_consulta>2019-03-17</Fecha_primera_consulta>
				<Vacunas></Vacunas>
				<Factor_de_riesgo_prenatal>
					<Antecedentes_familiares></Antecedentes_familiares>
					<Factores_psicosociales>38 años</Factores_psicosociales>
					<Antecedentes_obstetricos>muerte neonatal anterior</Antecedentes_obstetricos>
					<Antecedentes_personales>diabetes</Antecedentes_personales>
					<Patologia_materna>Anemia</Patologia_materna>
					<Riesgos_especificos>Estática fetal anómala pasada la semana 36</Riesgos_especificos>
					<Exposicion_a_teratogenos>Fármacos</Exposicion_a_teratogenos>
				</Factor_de_riesgo_prenatal>
				<Informe Informe="H-17785-122HC-190317">
					<Licencia_medico>M-10938</Licencia_medico>
					<Estado_paciente>Grave estable</Estado_paciente>
					<Diagnostico>Solicitud de prueba de sangre debido a desmayo</Diagnostico>
					<idConsulta>1-22-HC</idConsulta>
					<Fecha_consulta>2019-03-17</Fecha_consulta>
					<ICD_10>
						<Codigo_ICD_10>O00.1</Codigo_ICD_10>
					</ICD_10>
					<Prueba idPrueba="">
						<idPrueba_externo></idPrueba_externo>
						<Nombre></Nombre>
						<Observaciones></Observaciones>
						<Tipo></Tipo>
					</Prueba>
				</Informe>
			</Historial>
		</Paciente>
		<Paciente idPaciente="18616">
			<NUSS>AN-19616</NUSS>
			<Nombre>Estrella</Nombre>
			<Apellidos>Gonzalez Blanco</Apellidos>
			<Sexo>Mujer</Sexo>
			<Fecha_nacimiento>1990-03-07</Fecha_nacimiento>
			<Domicilio>C/Lucena 57</Domicilio>
			<Localidad>Alhaurin de la Torre</Localidad>
			<Correo_electronico>estrellaGn@bbtrack.es</Correo_electronico>
			<Telefono>729843321</Telefono>
			<Embarazada>0</Embarazada>
			<Historial idHistorial="">
				<Fecha_primera_consulta></Fecha_primera_consulta>
				<Vacunas></Vacunas>
				<Factor_de_riesgo_prenatal>
					<Antecedentes_familiares></Antecedentes_familiares>
					<Factores_psicosociales></Factores_psicosociales>
					<Antecedentes_obstetricos></Antecedentes_obstetricos>
					<Antecedentes_personales></Antecedentes_personales>
					<Patologia_materna></Patologia_materna>
					<Riesgos_especificos></Riesgos_especificos>
					<Exposicion_a_teratogenos></Exposicion_a_teratogenos>
				</Factor_de_riesgo_prenatal>
				<Informe Informe="">
					<Licencia_medico></Licencia_medico>
					<Estado_paciente></Estado_paciente>
					<Diagnostico></Diagnostico>
					<idConsulta></idConsulta>
					<Fecha_consulta></Fecha_consulta>
					<ICD_10>
						<Codigo_ICD_10></Codigo_ICD_10>
					</ICD_10>
					<Prueba idPrueba="">
						<idPrueba_externo></idPrueba_externo>
						<Nombre></Nombre>
						<Observaciones></Observaciones>
						<Tipo></Tipo>
					</Prueba>
				</Informe>
			</Historial>
		</Paciente>
		<Paciente idPaciente="19198">
			<NUSS>AN-19198</NUSS>
			<Nombre>Violeta</Nombre>
			<Apellidos>Lara Cruz</Apellidos>
			<Sexo>Mujer</Sexo>
			<Fecha_nacimiento>1993-05-05</Fecha_nacimiento>
			<Domicilio>C/Juego de pelota 55</Domicilio>
			<Localidad>Malaga</Localidad>
			<Correo_electronico>violetaLr@bbtrack.es</Correo_electronico>
			<Telefono>663240005</Telefono>
			<Embarazada>1</Embarazada>
			<Historial idHistorial="H-19198">
				<Fecha_primera_consulta>2019-05-13</Fecha_primera_consulta>
				<Vacunas></Vacunas>
				<Factor_de_riesgo_prenatal>
					<Antecedentes_familiares>Presencia de cromosomopatias</Antecedentes_familiares>
					<Factores_psicosociales></Factores_psicosociales>
					<Antecedentes_obstetricos>Historia de infertilidad de al menos 2 años</Antecedentes_obstetricos>
					<Antecedentes_personales>V.I.H</Antecedentes_personales>
					<Patologia_materna>Diabetes gestacional</Patologia_materna>
					<Riesgos_especificos></Riesgos_especificos>
					<Exposicion_a_teratogenos>Fármacos</Exposicion_a_teratogenos>
				</Factor_de_riesgo_prenatal>
				<Informe Informe="H-19198-132HCH-190513">
					<Licencia_medico>M-99432</Licencia_medico>
					<Estado_paciente>Grave inestable</Estado_paciente>
					<Diagnostico>Ingreso en Hospital debido a brote de V.I.H</Diagnostico>
					<idConsulta>1-32-HCH</idConsulta>
					<Fecha_consulta>2019-05-13</Fecha_consulta>
					<ICD_10>
						<Codigo_ICD_10>O10.3</Codigo_ICD_10>
						<Codigo_ICD_10>O02.3</Codigo_ICD_10>
					</ICD_10>
					<Prueba idPrueba="">
						<idPrueba_externo></idPrueba_externo>
						<Nombre></Nombre>
						<Observaciones></Observaciones>
						<Tipo></Tipo>
					</Prueba>
				</Informe>
			</Historial>
		</Paciente>
		<Paciente idPaciente="19560">
			<NUSS>AN-19560</NUSS>
			<Nombre>Sara</Nombre>
			<Apellidos>Garcia Molero</Apellidos>
			<Sexo>Mujer</Sexo>
			<Fecha_nacimiento>1991-12-12</Fecha_nacimiento>
			<Domicilio>C/Larios 50</Domicilio>
			<Localidad>Malaga</Localidad>
			<Correo_electronico>saraGr@bbtrack.es</Correo_electronico>
			<Telefono>704293198</Telefono>
			<Embarazada>1</Embarazada>
			<Historial idHistorial="H-19560">
				<Fecha_primera_consulta>2019-02-21</Fecha_primera_consulta>
				<Vacunas></Vacunas>
				<Factor_de_riesgo_prenatal>
					<Antecedentes_familiares>Hipertensión arterial</Antecedentes_familiares>
					<Factores_psicosociales>45 años</Factores_psicosociales>
					<Antecedentes_obstetricos>Historia de infertilidad de al menos 2 años</Antecedentes_obstetricos>
					<Antecedentes_personales></Antecedentes_personales>
					<Patologia_materna></Patologia_materna>
					<Riesgos_especificos>Embarazo prolongado</Riesgos_especificos>
					<Exposicion_a_teratogenos>Fármacos</Exposicion_a_teratogenos>
				</Factor_de_riesgo_prenatal>
				<Informe Informe="">
					<Licencia_medico></Licencia_medico>
					<Estado_paciente></Estado_paciente>
					<Diagnostico></Diagnostico>
					<idConsulta></idConsulta>
					<Fecha_consulta></Fecha_consulta>
					<ICD_10>
						<Codigo_ICD_10></Codigo_ICD_10>
					</ICD_10>
					<Prueba idPrueba="">
						<idPrueba_externo></idPrueba_externo>
						<Nombre></Nombre>
						<Observaciones></Observaciones>
						<Tipo></Tipo>
					</Prueba>
				</Informe>
			</Historial>
		</Paciente>
	</Pacientes>
	<Medicos>
		<Medico Licencia="M-10938">
			<Nombre>Antonio</Nombre>
			<Apellidos>Jurado Martos</Apellidos>
			<Sexo>Hombre</Sexo>
			<Especialidad>Urgencias</Especialidad>
			<Consultas>
				<idConsulta>1-22-HC</idConsulta>
			</Consultas>
		</Medico>
		<Medico Licencia="M-23444">
			<Nombre>Miguel</Nombre>
			<Apellidos>Perez Jimenez</Apellidos>
			<Sexo>Hombre</Sexo>
			<Especialidad>Ginecologia</Especialidad>
			<Consultas>
				<idConsulta>2-02-HC</idConsulta>
			</Consultas>
		</Medico>
		<Medico Licencia="M-23494">
			<Nombre>Lucia</Nombre>
			<Apellidos>Toscano Varela</Apellidos>
			<Sexo>Mujer</Sexo>
			<Especialidad>Obstetra</Especialidad>
			<Consultas>
				<idConsulta>2-09-HCH</idConsulta>
			</Consultas>
		</Medico>
		<Medico Licencia="M-32349">
			<Nombre>Paloma</Nombre>
			<Apellidos>Jimenez Fernandez</Apellidos>
			<Sexo>Mujer</Sexo>
			<Especialidad>Ginecologia</Especialidad>
			<Consultas>
				<idConsulta>1-22-HC</idConsulta>
			</Consultas>
		</Medico>
		<Medico Licencia="M-33048">
			<Nombre>Laura</Nombre>
			<Apellidos>Lara Ruiz</Apellidos>
			<Sexo>Mujer</Sexo>
			<Especialidad>Medico de familia</Especialidad>
			<Consultas>
				<idConsulta>2-09-HCH</idConsulta>
			</Consultas>
		</Medico>
		<Medico Licencia="M-43434">
			<Nombre>Enrique</Nombre>
			<Apellidos>Barbarela Benitez</Apellidos>
			<Sexo>Hombre</Sexo>
			<Especialidad>Medico de familia</Especialidad>
			<Consultas>
				<idConsulta>2-02-HC</idConsulta>
			</Consultas>
		</Medico>
		<Medico Licencia="M-98488">
			<Nombre>Juan</Nombre>
			<Apellidos>Serrano Lopez</Apellidos>
			<Sexo>Hombre</Sexo>
			<Especialidad>Obstetra</Especialidad>
			<Consultas>
				<idConsulta>2-02-HC</idConsulta>
			</Consultas>
		</Medico>
		<Medico Licencia="M-99432">
			<Nombre>Maria</Nombre>
			<Apellidos>Pastor Smith</Apellidos>
			<Sexo>Mujer</Sexo>
			<Especialidad>Urgencias</Especialidad>
			<Consultas>
				<idConsulta>1-32-HCH</idConsulta>
			</Consultas>
		</Medico>
	</Medicos>
	<Consultas>
		<Consulta idConsulta="1-22-HC">
			<Localizacion>Primera planta. Puerta 22</Localizacion>
			<Centro_sanitario>Primera planta. Puerta 22</Centro_sanitario>
		</Consulta>
		<Consulta idConsulta="1-32-HCH">
			<Localizacion>Primera planta. Puerta 32</Localizacion>
			<Centro_sanitario>Primera planta. Puerta 32</Centro_sanitario>
		</Consulta>
		<Consulta idConsulta="2-02-HC">
			<Localizacion>Segunda planta. Puerta 2</Localizacion>
			<Centro_sanitario>Segunda planta. Puerta 2</Centro_sanitario>
		</Consulta>
		<Consulta idConsulta="2-09-HCH">
			<Localizacion>Segunda planta. Puerta 09</Localizacion>
			<Centro_sanitario>Segunda planta. Puerta 09</Centro_sanitario>
		</Consulta>
	</Consultas>
	<ICD_10_Pregnancy>
		<ICD_10 Codigo="D70.1">
			<Nombre>Agranulocytosis secondary to cancer chemotherapy</Nombre>
		</ICD_10>
		<ICD_10 Codigo="D86.0">
			<Nombre>Sarcoidosis of lung</Nombre>
		</ICD_10>
		<ICD_10 Codigo="J67.0">
			<Nombre>Farmer's lung</Nombre>
		</ICD_10>
		<ICD_10 Codigo="J67.2">
			<Nombre>Bird fancier's lung</Nombre>
		</ICD_10>
		<ICD_10 Codigo="J67.4">
			<Nombre>Maltworker's lung</Nombre>
		</ICD_10>
		<ICD_10 Codigo="O00.1">
			<Nombre>Ectopic pregnancy</Nombre>
		</ICD_10>
		<ICD_10 Codigo="O00.2">
			<Nombre>Hydatidiform mole</Nombre>
		</ICD_10>
		<ICD_10 Codigo="O02.2">
			<Nombre>Other abnormal products of conception</Nombre>
		</ICD_10>
		<ICD_10 Codigo="O02.3">
			<Nombre>Spontaneous abortion</Nombre>
		</ICD_10>
		<ICD_10 Codigo="O04.3">
			<Nombre>Medical abortion</Nombre>
		</ICD_10>
		<ICD_10 Codigo="O05.4">
			<Nombre>Other abortion</Nombre>
		</ICD_10>
		<ICD_10 Codigo="O06.3">
			<Nombre>Unspecified abortion</Nombre>
		</ICD_10>
		<ICD_10 Codigo="O10.3">
			<Nombre>Pre-existing hypertension complicating pregnancy, childbirth and the puerperium</Nombre>
		</ICD_10>
		<ICD_10 Codigo="O11.1">
			<Nombre>Pre-existing hypertensive disorder with superimposed proteinuria</Nombre>
		</ICD_10>
		<ICD_10 Codigo="R97.1">
			<Nombre>Elevated cancer antigen 125 [CA 125]</Nombre>
		</ICD_10>
		<ICD_10 Codigo="T80.51XS">
			<Nombre>Anaphylactic reaction due to administration of blood and blood products, sequela</Nombre>
		</ICD_10>
		<ICD_10 Codigo="Z52.090">
			<Nombre>Other blood donor, whole blood</Nombre>
		</ICD_10>
		<ICD_10 Codigo="Z52.098">
			<Nombre>Other blood donor, other blood</Nombre>
		</ICD_10>
	</ICD_10_Pregnancy>
</bbTrack>
