<?xml version="1.0" encoding="UTF-8"?>
<?xml-stylesheet type="text/xsl" href="XSLPaciente.xsl"?>
<bbTrack xmlns:xsi="http://www.w3.org/2001/XMLSchema-instance" xsi:noNamespaceSchemaLocation="XSDPaciente.xsd">
		<Paciente idPaciente="11470">
			<NUSS>AN-11470</NUSS>
			<Nombre>Inmaculada</Nombre>
			<Apellidos>Valera Trujillo</Apellidos>
			<Sexo>Mujer</Sexo>
			<Fecha_nacimiento>1997-03-03</Fecha_nacimiento>
			<Domicilio>C/Malagueta 53</Domicilio>
			<Localidad>Malaga</Localidad>
			<Correo_electronico>inmaculadaVl@bbtrack.es</Correo_electronico>
			<Telefono>601529436</Telefono>
			<Embarazada>0</Embarazada>
			<Historial idHistorial="H-11470">
				<Fecha_primera_consulta>2019-04-15</Fecha_primera_consulta>
				<Vacunas></Vacunas>
				<Factor_de_riesgo_prenatal>
					<Antecedentes_familiares>Diabetes</Antecedentes_familiares>
					<Factores_psicosociales>Tabaco</Factores_psicosociales>
					<Antecedentes_obstetricos>aborto</Antecedentes_obstetricos>
					<Antecedentes_personales></Antecedentes_personales>
					<Patologia_materna>Diabetes gestacional</Patologia_materna>
					<Riesgos_especificos>Embarazo prolongado</Riesgos_especificos>
					<Exposicion_a_teratogenos></Exposicion_a_teratogenos>
				</Factor_de_riesgo_prenatal>
				<Informe Informe="H-11470-202HC-190204">
					<Licencia_medico>M-10938</Licencia_medico>
					<Estado_paciente>Grave inestable</Estado_paciente>
					<Diagnostico>adf</Diagnostico>
					<idConsulta>2-02-HC</idConsulta>
					<Fecha_consulta>2019-02-04</Fecha_consulta>
					<ICD_10>
						<Codigo_ICD_10>O02.3</Codigo_ICD_10>
						<Codigo_ICD_10>J67.0</Codigo_ICD_10>
						<Codigo_ICD_10>D70.1</Codigo_ICD_10>
						<Codigo_ICD_10>R97.1</Codigo_ICD_10>
					</ICD_10>
					<Prueba idPrueba="14">
						<idPrueba_externo>P-H-11470-202HC-190204-14</idPrueba_externo>
						<Nombre>adf</Nombre>
						<Observaciones>adf</Observaciones>
						<Tipo>Rutinaria</Tipo>
					</Prueba>
				</Informe>
				<Informe Informe="H-11470-209HCH-190415">
					<Licencia_medico>M-23494</Licencia_medico>
					<Estado_paciente>Estable</Estado_paciente>
					<Diagnostico>El paciente solicita prueba de esterilidad</Diagnostico>
					<idConsulta>2-09-HCH</idConsulta>
					<Fecha_consulta>2019-04-15</Fecha_consulta>
					<ICD_10>
						<Codigo_ICD_10>O11.1</Codigo_ICD_10>
						<Codigo_ICD_10>O00.2</Codigo_ICD_10>
					</ICD_10>
					<Prueba idPrueba="P-9">
						<idPrueba_externo>P-11470-209HCH-190415</idPrueba_externo>
						<Nombre>Ecografia transvaginal</Nombre>
						<Observaciones>Lesion en las trompas de falopio</Observaciones>
						<Tipo>Especial</Tipo>
					</Prueba>
				</Informe>
			</Historial>
		</Paciente>
</bbTrack>
