<?xml version = '1.0' encoding = 'UTF-8'?>
<Table class="oracle.dbtools.crest.model.design.relational.Table" directorySegmentName="seg_0" id="100B9AD8-8810-C328-2A27-9AD6AC75ECF4" name="INFORME">
<createdBy>juanlu</createdBy>
<createdTime>2018-10-21 10:42:24 UTC</createdTime>
<generatorID>5446708F-D58A-01FD-23F4-32A2AEDC2E3B</generatorID>
<ownerDesignName>bbTrack</ownerDesignName>
<allowColumnReorder>false</allowColumnReorder>
<existDependencyGenerateInDDl>true</existDependencyGenerateInDDl>
<parsed>true</parsed>
<columns itemClass="oracle.dbtools.crest.model.design.relational.Column">
<Column name="CONSULTA_IdConsulta" id="47533831-86AE-5F81-61C9-BDEB49B1C051">
<createdBy>juanlu</createdBy>
<createdTime>2018-10-21 10:42:24 UTC</createdTime>
<generatorID>DA1B9957-1DC5-AD38-0806-4B8DD78DDAAE</generatorID>
<ownerDesignName>bbTrack</ownerDesignName>
<useDomainConstraints>false</useDomainConstraints>
<use>1</use>
<logicalDatatype>LOGDT024</logicalDatatype>
<dataTypeSize>45 CHAR</dataTypeSize>
<ownDataTypeParameters>,,</ownDataTypeParameters>
<previousColumn>false</previousColumn>
<autoIncrementCycle>false</autoIncrementCycle>
<associations>
<colAssociation fkAssociation="1D7FA661-90A0-7464-3430-3CA3BA5EB604" referredColumn="A4969CC2-8449-4220-E4D1-1C63E6D48F7A"/>
</associations>
</Column>
<Column name="idInforme" id="1D941E85-9504-27C5-6647-5631ABE05795">
<createdBy>juanlu</createdBy>
<createdTime>2018-10-21 10:42:24 UTC</createdTime>
<generatorID>0AFD8834-894A-CE8D-5E39-D636CBA00BE4</generatorID>
<ownerDesignName>bbTrack</ownerDesignName>
<useDomainConstraints>false</useDomainConstraints>
<use>1</use>
<logicalDatatype>LOGDT024</logicalDatatype>
<dataTypeSize>45 CHAR</dataTypeSize>
<ownDataTypeParameters>45 CHAR,,</ownDataTypeParameters>
<autoIncrementCycle>false</autoIncrementCycle>
</Column>
<Column name="Contenido" id="26E00303-594F-726D-BD13-D8ACBCBC90A2">
<createdBy>juanlu</createdBy>
<createdTime>2018-10-21 10:42:24 UTC</createdTime>
<generatorID>EC58977D-70A7-2D8E-BC86-06AA03DD69D7</generatorID>
<ownerDesignName>bbTrack</ownerDesignName>
<useDomainConstraints>false</useDomainConstraints>
<use>1</use>
<logicalDatatype>LOGDT024</logicalDatatype>
<dataTypeSize>255 CHAR</dataTypeSize>
<ownDataTypeParameters>255 CHAR,,</ownDataTypeParameters>
<autoIncrementCycle>false</autoIncrementCycle>
</Column>
<Column name="HISTORIAL_IdPaciente" id="BD54D3EA-2FA7-01A4-F226-97A204C86B1C">
<createdBy>juanlu</createdBy>
<createdTime>2018-10-21 10:42:24 UTC</createdTime>
<generatorID>B37EE838-BE96-90B6-5CD6-EAA6B50F2750</generatorID>
<ownerDesignName>bbTrack</ownerDesignName>
<useDomainConstraints>false</useDomainConstraints>
<use>1</use>
<logicalDatatype>LOGDT024</logicalDatatype>
<dataTypeSize>45 CHAR</dataTypeSize>
<ownDataTypeParameters>,,</ownDataTypeParameters>
<previousColumn>false</previousColumn>
<autoIncrementCycle>false</autoIncrementCycle>
<associations>
<colAssociation fkAssociation="B5EB2F76-3779-8182-6881-3EE11887DAB9" referredColumn="FB2D113B-8ACB-E8C7-C830-62FC849D880C"/>
</associations>
</Column>
<Column name="HISTORIAL_IdHistorial" id="812248CA-4845-BB98-6B1F-8E048040BDD0">
<createdBy>juanlu</createdBy>
<createdTime>2018-10-21 10:42:24 UTC</createdTime>
<generatorID>12369511-53B4-67B0-CBE9-53AE6FB723A8</generatorID>
<ownerDesignName>bbTrack</ownerDesignName>
<useDomainConstraints>false</useDomainConstraints>
<use>1</use>
<logicalDatatype>LOGDT024</logicalDatatype>
<dataTypeSize>45</dataTypeSize>
<ownDataTypeParameters>,,</ownDataTypeParameters>
<previousColumn>false</previousColumn>
<autoIncrementCycle>false</autoIncrementCycle>
<associations>
<colAssociation fkAssociation="B5EB2F76-3779-8182-6881-3EE11887DAB9" referredColumn="4B5308AD-2836-8E65-F1FA-72A44CE482C9"/>
</associations>
</Column>
</columns>
<indexes itemClass="oracle.dbtools.crest.model.design.relational.Index">
<ind_PK_UK id="01B98972-DB2D-EC1B-B3E9-44AE8E5D4752" name="INFORME_PK">
<createdBy>juanlu</createdBy>
<createdTime>2018-10-21 10:42:24 UTC</createdTime>
<generatorID>2BCD6111-C598-01E6-9C0E-51C80CCA7BF3</generatorID>
<ownerDesignName>bbTrack</ownerDesignName>
<pk>true</pk>
<indexState>Primary Constraint</indexState>
<isSurrogateKey>false</isSurrogateKey>
<indexColumnUsage>
<colUsage columnID="1D941E85-9504-27C5-6647-5631ABE05795"/>
</indexColumnUsage>
</ind_PK_UK>
<ind_PK_UK id="A88803C4-F265-4396-33BC-A55D46BD9794" name="INFORME_HISTORIAL_FK">
<createdBy>juanlu</createdBy>
<createdTime>2018-10-21 10:42:25 UTC</createdTime>
<generatorID>813F6CA3-17F4-51C0-DB78-5088F93B64E4</generatorID>
<ownerDesignName>bbTrack</ownerDesignName>
<indexState>Foreign Key</indexState>
<isSurrogateKey>false</isSurrogateKey>
<indexColumnUsage>
<colUsage columnID="BD54D3EA-2FA7-01A4-F226-97A204C86B1C"/>
<colUsage columnID="812248CA-4845-BB98-6B1F-8E048040BDD0"/>
</indexColumnUsage>
</ind_PK_UK>
<ind_PK_UK id="FA9CA566-8F56-3FF8-BE90-95EA9E4D7B32" name="INFORME_CONSULTA_FK">
<createdBy>juanlu</createdBy>
<createdTime>2018-10-21 10:42:25 UTC</createdTime>
<generatorID>CFF65223-8FE9-9E3B-37E4-FAACAD8A665A</generatorID>
<ownerDesignName>bbTrack</ownerDesignName>
<indexState>Foreign Key</indexState>
<isSurrogateKey>false</isSurrogateKey>
<indexColumnUsage>
<colUsage columnID="47533831-86AE-5F81-61C9-BDEB49B1C051"/>
</indexColumnUsage>
</ind_PK_UK>
</indexes>
</Table>