<?xml version = '1.0' encoding = 'UTF-8'?>
<Table class="oracle.dbtools.crest.model.design.relational.Table" directorySegmentName="seg_0" id="97718836-7104-5D93-6012-7890DFC280A4" name="asiste_a">
<createdBy>juanlu</createdBy>
<createdTime>2018-10-21 10:42:24 UTC</createdTime>
<ownerDesignName>bbTrack</ownerDesignName>
<allowColumnReorder>false</allowColumnReorder>
<existDependencyGenerateInDDl>true</existDependencyGenerateInDDl>
<parsed>true</parsed>
<columns itemClass="oracle.dbtools.crest.model.design.relational.Column">
<Column name="CONSULTA_IdConsulta" id="B6D59ED2-3C37-AD5D-F5F1-922FB822ECF8">
<createdBy>juanlu</createdBy>
<createdTime>2018-10-21 10:42:25 UTC</createdTime>
<ownerDesignName>bbTrack</ownerDesignName>
<useDomainConstraints>false</useDomainConstraints>
<use>1</use>
<logicalDatatype>LOGDT024</logicalDatatype>
<dataTypeSize>45 CHAR</dataTypeSize>
<ownDataTypeParameters>,,</ownDataTypeParameters>
<previousColumn>false</previousColumn>
<autoIncrementCycle>false</autoIncrementCycle>
<associations>
<colAssociation fkAssociation="AAAF1960-F4E9-6688-6353-4AD5C55F2D76" referredColumn="A4969CC2-8449-4220-E4D1-1C63E6D48F7A"/>
</associations>
</Column>
<Column name="PACIENTE_IdPaciente" id="50C27007-6EE2-7C10-D072-CDBE48B2E42B">
<createdBy>juanlu</createdBy>
<createdTime>2018-10-21 10:42:25 UTC</createdTime>
<ownerDesignName>bbTrack</ownerDesignName>
<useDomainConstraints>false</useDomainConstraints>
<use>1</use>
<logicalDatatype>LOGDT024</logicalDatatype>
<dataTypeSize>45 CHAR</dataTypeSize>
<ownDataTypeParameters>,,</ownDataTypeParameters>
<previousColumn>false</previousColumn>
<autoIncrementCycle>false</autoIncrementCycle>
<associations>
<colAssociation fkAssociation="27FB3DB4-968B-71BC-21A3-4A0CCBC002C8" referredColumn="79BC783D-431D-B343-2155-F9A7DB266507"/>
</associations>
</Column>
<Column name="Fecha_consulta" id="970BE926-E4D0-FCA4-20C0-76F321A1D512">
<createdBy>juanlu</createdBy>
<createdTime>2018-10-21 10:42:25 UTC</createdTime>
<generatorID>FFC865DB-DB26-9C29-5020-445FF24710B9</generatorID>
<ownerDesignName>bbTrack</ownerDesignName>
<nullsAllowed>true</nullsAllowed>
<useDomainConstraints>false</useDomainConstraints>
<use>1</use>
<logicalDatatype>LOGDT008</logicalDatatype>
<ownDataTypeParameters>,,</ownDataTypeParameters>
<autoIncrementCycle>false</autoIncrementCycle>
<isRelationshipColumn>true</isRelationshipColumn>
</Column>
<Column name="Es_urgente" id="F81DB908-ACA4-9FA9-FC88-CC9A9BA0B2BA">
<createdBy>juanlu</createdBy>
<createdTime>2018-10-21 10:42:25 UTC</createdTime>
<generatorID>8883AA1C-81CA-3A6E-A779-1CA8E31D714C</generatorID>
<ownerDesignName>bbTrack</ownerDesignName>
<nullsAllowed>true</nullsAllowed>
<useDomainConstraints>false</useDomainConstraints>
<use>1</use>
<logicalDatatype>LOGDT006</logicalDatatype>
<dataTypeSize>1 CHAR</dataTypeSize>
<ownDataTypeParameters>1 CHAR,,</ownDataTypeParameters>
<autoIncrementCycle>false</autoIncrementCycle>
<isRelationshipColumn>true</isRelationshipColumn>
</Column>
</columns>
<indexes itemClass="oracle.dbtools.crest.model.design.relational.Index">
<ind_PK_UK id="C74B45E3-DACA-BC86-ED3E-FB643AB18E6C" name="asiste_a_PK">
<createdBy>juanlu</createdBy>
<createdTime>2018-10-21 10:42:24 UTC</createdTime>
<ownerDesignName>bbTrack</ownerDesignName>
<pk>true</pk>
<indexState>Primary Constraint</indexState>
<isSurrogateKey>false</isSurrogateKey>
<indexColumnUsage>
<colUsage columnID="B6D59ED2-3C37-AD5D-F5F1-922FB822ECF8"/>
<colUsage columnID="50C27007-6EE2-7C10-D072-CDBE48B2E42B"/>
</indexColumnUsage>
</ind_PK_UK>
<ind_PK_UK id="456085E9-D2B9-394F-0ADE-687C530CB3EB" name="asiste_a_CONSULTA_FK">
<createdBy>juanlu</createdBy>
<createdTime>2018-10-21 10:42:25 UTC</createdTime>
<generatorID>9D2EAF7B-1653-39E2-CD22-CBF958BF523F</generatorID>
<ownerDesignName>bbTrack</ownerDesignName>
<indexState>Foreign Key</indexState>
<isSurrogateKey>false</isSurrogateKey>
<indexColumnUsage>
<colUsage columnID="B6D59ED2-3C37-AD5D-F5F1-922FB822ECF8"/>
</indexColumnUsage>
</ind_PK_UK>
<ind_PK_UK id="2D12F33F-9AEC-CDA1-831A-4AF1F1ED396C" name="asiste_a_PACIENTE_FK">
<createdBy>juanlu</createdBy>
<createdTime>2018-10-21 10:42:25 UTC</createdTime>
<generatorID>9D2EAF7B-1653-39E2-CD22-CBF958BF523F</generatorID>
<ownerDesignName>bbTrack</ownerDesignName>
<indexState>Foreign Key</indexState>
<isSurrogateKey>false</isSurrogateKey>
<indexColumnUsage>
<colUsage columnID="50C27007-6EE2-7C10-D072-CDBE48B2E42B"/>
</indexColumnUsage>
</ind_PK_UK>
</indexes>
</Table>