<?xml version = '1.0' encoding = 'UTF-8'?>
<Table class="oracle.dbtools.crest.model.design.relational.Table" directorySegmentName="seg_0" id="A9E849FE-2867-6A73-47C6-52F911824897" name="PRUEBAS">
<createdBy>juanlu</createdBy>
<createdTime>2018-10-21 10:42:24 UTC</createdTime>
<generatorID>F2CB608C-663C-E6C3-4D14-3FF6A48EFDAB</generatorID>
<ownerDesignName>bbTrack</ownerDesignName>
<allowColumnReorder>false</allowColumnReorder>
<existDependencyGenerateInDDl>true</existDependencyGenerateInDDl>
<parsed>true</parsed>
<columns itemClass="oracle.dbtools.crest.model.design.relational.Column">
<Column name="idPrueba" id="B3B9E3EB-4954-0BD4-E9DF-929ABCD0C7D7">
<createdBy>juanlu</createdBy>
<createdTime>2018-10-21 10:42:24 UTC</createdTime>
<generatorID>80501327-BC62-50C4-5DDF-8E2330D22C68</generatorID>
<ownerDesignName>bbTrack</ownerDesignName>
<useDomainConstraints>false</useDomainConstraints>
<use>1</use>
<logicalDatatype>LOGDT024</logicalDatatype>
<dataTypeSize>45 CHAR</dataTypeSize>
<ownDataTypeParameters>45 CHAR,,</ownDataTypeParameters>
<autoIncrementCycle>false</autoIncrementCycle>
</Column>
<Column name="Procedencia" id="F47C0B6E-3B77-AE7F-8CA0-414A1D458DEF">
<createdBy>juanlu</createdBy>
<createdTime>2018-10-21 10:42:24 UTC</createdTime>
<generatorID>EC0D00A1-BD6B-8298-28D5-67A50DD1B393</generatorID>
<ownerDesignName>bbTrack</ownerDesignName>
<useDomainConstraints>false</useDomainConstraints>
<use>1</use>
<logicalDatatype>LOGDT024</logicalDatatype>
<dataTypeSize>45 CHAR</dataTypeSize>
<ownDataTypeParameters>45 CHAR,,</ownDataTypeParameters>
<autoIncrementCycle>false</autoIncrementCycle>
</Column>
<Column name="Fecha_solicitud" id="D55AE6F8-A4B7-62CC-85D0-A55D506DDF86">
<createdBy>juanlu</createdBy>
<createdTime>2018-10-21 10:42:24 UTC</createdTime>
<generatorID>46A2F1D3-75DE-DEB8-6974-333533EA1CCC</generatorID>
<ownerDesignName>bbTrack</ownerDesignName>
<useDomainConstraints>false</useDomainConstraints>
<use>1</use>
<logicalDatatype>LOGDT008</logicalDatatype>
<ownDataTypeParameters>,,</ownDataTypeParameters>
<autoIncrementCycle>false</autoIncrementCycle>
</Column>
<Column name="Fecha_prueba" id="4C04AD27-C1DE-3603-6F2C-7A88E8BD1AB3">
<createdBy>juanlu</createdBy>
<createdTime>2018-10-21 10:42:24 UTC</createdTime>
<generatorID>3002FA67-4D99-4621-5DC0-1AC71FD1D6AF</generatorID>
<ownerDesignName>bbTrack</ownerDesignName>
<useDomainConstraints>false</useDomainConstraints>
<use>1</use>
<logicalDatatype>LOGDT008</logicalDatatype>
<ownDataTypeParameters>,,</ownDataTypeParameters>
<autoIncrementCycle>false</autoIncrementCycle>
</Column>
<Column name="Técnico" id="358DCD15-2606-C6A0-0984-62EC57170607">
<createdBy>juanlu</createdBy>
<createdTime>2018-10-21 10:42:24 UTC</createdTime>
<generatorID>E843B9B7-A0DE-4FD7-8AB8-4D6954D54643</generatorID>
<ownerDesignName>bbTrack</ownerDesignName>
<useDomainConstraints>false</useDomainConstraints>
<use>1</use>
<logicalDatatype>LOGDT024</logicalDatatype>
<dataTypeSize>45 CHAR</dataTypeSize>
<ownDataTypeParameters>45 CHAR,,</ownDataTypeParameters>
<autoIncrementCycle>false</autoIncrementCycle>
</Column>
<Column name="MÉDICO_Num_Licencia" id="7BFDD529-40F4-3815-A1A4-4BCA654AAB8C">
<createdBy>juanlu</createdBy>
<createdTime>2018-10-21 10:42:24 UTC</createdTime>
<generatorID>B8B3C7B5-D23C-656B-62AD-D4F459E79B5F</generatorID>
<ownerDesignName>bbTrack</ownerDesignName>
<useDomainConstraints>false</useDomainConstraints>
<use>1</use>
<logicalDatatype>LOGDT024</logicalDatatype>
<dataTypeSize>45 CHAR</dataTypeSize>
<ownDataTypeParameters>,,</ownDataTypeParameters>
<previousColumn>false</previousColumn>
<autoIncrementCycle>false</autoIncrementCycle>
<associations>
<colAssociation fkAssociation="93A80394-5B75-B312-8366-F57625D529AA" referredColumn="E9148440-F2B6-994A-0C86-97EC77E3FF89"/>
</associations>
</Column>
<Column name="INFORME_idInforme" id="BF92904E-FDD8-522D-7A2D-00ABB5488A2A">
<createdBy>juanlu</createdBy>
<createdTime>2018-10-21 10:42:24 UTC</createdTime>
<generatorID>BF625199-5019-B2F6-F5DE-D69389A21627</generatorID>
<ownerDesignName>bbTrack</ownerDesignName>
<useDomainConstraints>false</useDomainConstraints>
<use>1</use>
<logicalDatatype>LOGDT024</logicalDatatype>
<dataTypeSize>45 CHAR</dataTypeSize>
<ownDataTypeParameters>,,</ownDataTypeParameters>
<previousColumn>false</previousColumn>
<autoIncrementCycle>false</autoIncrementCycle>
<associations>
<colAssociation fkAssociation="B21B824C-40A4-510F-09BB-3EE96DE50737" referredColumn="1D941E85-9504-27C5-6647-5631ABE05795"/>
</associations>
</Column>
</columns>
<indexes itemClass="oracle.dbtools.crest.model.design.relational.Index">
<ind_PK_UK id="572B3D6C-DD1F-B1DD-0D36-B95B739D04EC" name="PRUEBAS_PK">
<createdBy>juanlu</createdBy>
<createdTime>2018-10-21 10:42:24 UTC</createdTime>
<generatorID>36483507-84EE-CE56-0F0B-EFB86B5A23A4</generatorID>
<ownerDesignName>bbTrack</ownerDesignName>
<pk>true</pk>
<indexState>Primary Constraint</indexState>
<isSurrogateKey>false</isSurrogateKey>
<indexColumnUsage>
<colUsage columnID="B3B9E3EB-4954-0BD4-E9DF-929ABCD0C7D7"/>
</indexColumnUsage>
</ind_PK_UK>
<ind_PK_UK id="FDC74DB3-D4DD-1179-85B0-6A5EA8B9A31B" name="PRUEBAS_INFORME_FK">
<createdBy>juanlu</createdBy>
<createdTime>2018-10-21 10:42:25 UTC</createdTime>
<generatorID>EB3A3C80-FB1A-F023-F075-583F4A4394E5</generatorID>
<ownerDesignName>bbTrack</ownerDesignName>
<indexState>Foreign Key</indexState>
<isSurrogateKey>false</isSurrogateKey>
<indexColumnUsage>
<colUsage columnID="BF92904E-FDD8-522D-7A2D-00ABB5488A2A"/>
</indexColumnUsage>
</ind_PK_UK>
<ind_PK_UK id="107BF871-BBBC-39E7-5947-DC9AF725854E" name="PRUEBAS_MÉDICO_FK">
<createdBy>juanlu</createdBy>
<createdTime>2018-10-21 10:42:25 UTC</createdTime>
<generatorID>12B00A1F-B0D8-1EDC-295F-29A9C8E36781</generatorID>
<ownerDesignName>bbTrack</ownerDesignName>
<indexState>Foreign Key</indexState>
<isSurrogateKey>false</isSurrogateKey>
<indexColumnUsage>
<colUsage columnID="7BFDD529-40F4-3815-A1A4-4BCA654AAB8C"/>
</indexColumnUsage>
</ind_PK_UK>
</indexes>
</Table>