<?xml version = '1.0' encoding = 'UTF-8'?>
<Diagram class="oracle.dbtools.crest.swingui.logical.DPVLogical" name="Logical" id="33EF311A-20DB-2A2A-0D5E-5613FAFCE059">
<createdBy>juanlu</createdBy>
<modifiedBy>juanlu</modifiedBy>
<createdTime>2018-10-18 07:31:52 UTC</createdTime>
<autoRoute>false</autoRoute>
<boxInbox>true</boxInbox>
<showLegend>false</showLegend>
<showLabels>false</showLabels>
<showRelAttributes>false</showRelAttributes>
<gridEnabled>false</gridEnabled>
<showGrid>false</showGrid>
<diagramColor>-1</diagramColor>
<display>false</display>
<notation>1</notation>
<objectViews>
<OView class="oracle.dbtools.crest.swingui.logical.TVEntity" oid="468C87F5-FFF9-8A4E-28F7-6B0BBC8B16B8" otype="Entity" vid="A04A4618-F22C-E64E-5954-01AD46A9BED2">
<hideElementsInCurrentOnly>false</hideElementsInCurrentOnly>
<bounds x="46" y="21" width="202" height="193"/>
</OView>
<OView class="oracle.dbtools.crest.swingui.logical.TVEntity" oid="493C1A54-1F39-B987-5648-4612E919882D" otype="Entity" vid="FB470B20-E133-00F4-0953-BF39FDBC1BB6">
<hideElementsInCurrentOnly>false</hideElementsInCurrentOnly>
<bounds x="338" y="196" width="138" height="90"/>
</OView>
<OView class="oracle.dbtools.crest.swingui.logical.TVEntity" oid="52A98F70-3FE9-B7C2-F30B-8732F86CE715" otype="Entity" vid="C715014B-E446-E269-45C9-1E7A5AD95D64">
<hideElementsInCurrentOnly>false</hideElementsInCurrentOnly>
<bounds x="7" y="331" width="174" height="64"/>
</OView>
<OView class="oracle.dbtools.crest.swingui.logical.TVEntity" oid="5446708F-D58A-01FD-23F4-32A2AEDC2E3B" otype="Entity" vid="784A24B8-D3AE-D7C8-3001-9742487806DC">
<hideElementsInCurrentOnly>false</hideElementsInCurrentOnly>
<bounds x="171" y="440" width="143" height="76"/>
</OView>
<OView class="oracle.dbtools.crest.swingui.logical.TVEntity" oid="6AC5E3C4-4A80-4360-803A-E9788C68C24E" otype="Entity" vid="8D820FB2-0BF3-9C91-A2BE-2DAF6F46093C">
<hideElementsInCurrentOnly>false</hideElementsInCurrentOnly>
<bounds x="653" y="71" width="157" height="106"/>
</OView>
<OView class="oracle.dbtools.crest.swingui.logical.TVEntity" oid="F2CB608C-663C-E6C3-4D14-3FF6A48EFDAB" otype="Entity" vid="376A75AC-793F-3489-6F27-2747753EA14F">
<hideElementsInCurrentOnly>false</hideElementsInCurrentOnly>
<bounds x="618" y="330" width="148" height="95"/>
</OView>
</objectViews>
<connectors>
<Connector class="oracle.dbtools.crest.swingui.logical.TVRelation" oid="12B00A1F-B0D8-1EDC-295F-29A9C8E36781" otype="Relation" vid_source="8D820FB2-0BF3-9C91-A2BE-2DAF6F46093C" vid_target="376A75AC-793F-3489-6F27-2747753EA14F">
<hideElementsInCurrentOnly>false</hideElementsInCurrentOnly>
<backgroundColor>-16777216</backgroundColor>
<lineWidth>1</lineWidth>
<points>
<point x="709" y="177"/>
<point x="709" y="330"/>
</points>
</Connector>
<Connector class="oracle.dbtools.crest.swingui.logical.TVRelation" oid="52D3F956-83D7-5646-0F9C-E2D8AB7FA3C1" otype="Relation" vid_source="A04A4618-F22C-E64E-5954-01AD46A9BED2" vid_target="A04A4618-F22C-E64E-5954-01AD46A9BED2">
<hideElementsInCurrentOnly>false</hideElementsInCurrentOnly>
<backgroundColor>-16777216</backgroundColor>
<lineWidth>1</lineWidth>
<points>
<point x="248" y="134"/>
<point x="273" y="134"/>
<point x="273" y="239"/>
<point x="164" y="239"/>
<point x="164" y="214"/>
</points>
</Connector>
<Connector class="oracle.dbtools.crest.swingui.logical.TVRelation" oid="5C344109-7F38-EF90-581A-1E55F3CDAFBE" otype="Relation" vid_source="FB470B20-E133-00F4-0953-BF39FDBC1BB6" vid_target="8D820FB2-0BF3-9C91-A2BE-2DAF6F46093C">
<hideElementsInCurrentOnly>false</hideElementsInCurrentOnly>
<backgroundColor>-16777216</backgroundColor>
<lineWidth>1</lineWidth>
<points>
<point x="476" y="216"/>
<point x="653" y="152"/>
</points>
</Connector>
<Connector class="oracle.dbtools.crest.swingui.logical.TVRelation" oid="813F6CA3-17F4-51C0-DB78-5088F93B64E4" otype="Relation" vid_source="C715014B-E446-E269-45C9-1E7A5AD95D64" vid_target="784A24B8-D3AE-D7C8-3001-9742487806DC">
<hideElementsInCurrentOnly>false</hideElementsInCurrentOnly>
<backgroundColor>-16777216</backgroundColor>
<lineWidth>1</lineWidth>
<points>
<point x="176" y="395"/>
<point x="176" y="440"/>
</points>
</Connector>
<Connector class="oracle.dbtools.crest.swingui.logical.TVRelation" oid="9D2EAF7B-1653-39E2-CD22-CBF958BF523F" otype="Relation" vid_source="FB470B20-E133-00F4-0953-BF39FDBC1BB6" vid_target="A04A4618-F22C-E64E-5954-01AD46A9BED2">
<hideElementsInCurrentOnly>false</hideElementsInCurrentOnly>
<backgroundColor>-16777216</backgroundColor>
<lineWidth>1</lineWidth>
<points>
<point x="338" y="205"/>
<point x="248" y="205"/>
</points>
</Connector>
<Connector class="oracle.dbtools.crest.swingui.logical.TVRelation" oid="C4535234-AE9C-CA91-2AEC-294CC87F847E" otype="Relation" vid_source="A04A4618-F22C-E64E-5954-01AD46A9BED2" vid_target="8D820FB2-0BF3-9C91-A2BE-2DAF6F46093C">
<hideElementsInCurrentOnly>false</hideElementsInCurrentOnly>
<backgroundColor>-16777216</backgroundColor>
<lineWidth>1</lineWidth>
<points>
<point x="248" y="124"/>
<point x="653" y="124"/>
</points>
</Connector>
<Connector class="oracle.dbtools.crest.swingui.logical.TVRelation" oid="CFF65223-8FE9-9E3B-37E4-FAACAD8A665A" otype="Relation" vid_source="FB470B20-E133-00F4-0953-BF39FDBC1BB6" vid_target="784A24B8-D3AE-D7C8-3001-9742487806DC">
<hideElementsInCurrentOnly>false</hideElementsInCurrentOnly>
<backgroundColor>-16777216</backgroundColor>
<lineWidth>1</lineWidth>
<points>
<point x="375" y="286"/>
<point x="268" y="440"/>
</points>
</Connector>
<Connector class="oracle.dbtools.crest.swingui.logical.TVRelation" oid="EB3A3C80-FB1A-F023-F075-583F4A4394E5" otype="Relation" vid_source="784A24B8-D3AE-D7C8-3001-9742487806DC" vid_target="376A75AC-793F-3489-6F27-2747753EA14F">
<hideElementsInCurrentOnly>false</hideElementsInCurrentOnly>
<backgroundColor>-16777216</backgroundColor>
<lineWidth>1</lineWidth>
<points>
<point x="314" y="462"/>
<point x="618" y="394"/>
</points>
</Connector>
<Connector class="oracle.dbtools.crest.swingui.logical.TVRelation" oid="F1672D51-36B4-182D-AB91-12F9F29AB6CD" otype="Relation" vid_source="A04A4618-F22C-E64E-5954-01AD46A9BED2" vid_target="C715014B-E446-E269-45C9-1E7A5AD95D64">
<hideElementsInCurrentOnly>false</hideElementsInCurrentOnly>
<backgroundColor>-16777216</backgroundColor>
<lineWidth>1</lineWidth>
<points>
<point x="113" y="214"/>
<point x="113" y="331"/>
</points>
</Connector>
</connectors>
</Diagram>