<?xml version="1.0" encoding="UTF-8"?>
<?xml-stylesheet type="text/xsl" href="XSLPaciente.xsl"?>
<bbTrack xmlns:xsi="http://www.w3.org/2001/XMLSchema-instance" xsi:noNamespaceSchemaLocation="XSDPaciente.xsd">
		<Paciente idPaciente="19198">
			<NUSS>AN-19198</NUSS>
			<Nombre>Violeta</Nombre>
			<Apellidos>Lara Cruz</Apellidos>
			<Sexo>Mujer</Sexo>
			<Fecha_nacimiento>1993-05-05</Fecha_nacimiento>
			<Domicilio>C/Juego de pelota 55</Domicilio>
			<Localidad>Malaga</Localidad>
			<Correo_electronico>violetaLr@bbtrack.es</Correo_electronico>
			<Telefono>663240005</Telefono>
			<Embarazada>1</Embarazada>
			<Historial idHistorial="H-19198">
				<Fecha_primera_consulta>2019-05-13</Fecha_primera_consulta>
				<Vacunas></Vacunas>
				<Factor_de_riesgo_prenatal>
					<Antecedentes_familiares>Presencia de cromosomopatias</Antecedentes_familiares>
					<Factores_psicosociales></Factores_psicosociales>
					<Antecedentes_obstetricos>Historia de infertilidad de al menos 2 años</Antecedentes_obstetricos>
					<Antecedentes_personales>V.I.H</Antecedentes_personales>
					<Patologia_materna>Diabetes gestacional</Patologia_materna>
					<Riesgos_especificos></Riesgos_especificos>
					<Exposicion_a_teratogenos>Fármacos</Exposicion_a_teratogenos>
				</Factor_de_riesgo_prenatal>
				<Informe Informe="H-19198-132HCH-190513">
					<Licencia_medico>M-99432</Licencia_medico>
					<Estado_paciente>Grave inestable</Estado_paciente>
					<Diagnostico>Ingreso en Hospital debido a brote de V.I.H</Diagnostico>
					<idConsulta>1-32-HCH</idConsulta>
					<Fecha_consulta>2019-05-13</Fecha_consulta>
					<ICD_10>
						<Codigo_ICD_10>O10.3</Codigo_ICD_10>
						<Codigo_ICD_10>O02.3</Codigo_ICD_10>
					</ICD_10>
					<Prueba idPrueba="">
						<idPrueba_externo></idPrueba_externo>
						<Nombre></Nombre>
						<Observaciones></Observaciones>
						<Tipo></Tipo>
					</Prueba>
				</Informe>
			</Historial>
		</Paciente>
</bbTrack>
