<?xml version="1.0" encoding="UTF-8"?>
<?xml-stylesheet type="text/xsl" href="XSLPaciente.xsl"?>
<bbTrack xmlns:xsi="http://www.w3.org/2001/XMLSchema-instance" xsi:noNamespaceSchemaLocation="XSDPaciente.xsd">
		<Paciente idPaciente="19560">
			<NUSS>AN-19560</NUSS>
			<Nombre>Sara</Nombre>
			<Apellidos>Garcia Molero</Apellidos>
			<Sexo>Mujer</Sexo>
			<Fecha_nacimiento>1991-12-12</Fecha_nacimiento>
			<Domicilio>C/Larios 50</Domicilio>
			<Localidad>Malaga</Localidad>
			<Correo_electronico>saraGr@bbtrack.es</Correo_electronico>
			<Telefono>704293198</Telefono>
			<Embarazada>1</Embarazada>
			<Historial idHistorial="H-19560">
				<Fecha_primera_consulta>2019-02-21</Fecha_primera_consulta>
				<Vacunas></Vacunas>
				<Factor_de_riesgo_prenatal>
					<Antecedentes_familiares>Hipertensión arterial</Antecedentes_familiares>
					<Factores_psicosociales>45 años</Factores_psicosociales>
					<Antecedentes_obstetricos>Historia de infertilidad de al menos 2 años</Antecedentes_obstetricos>
					<Antecedentes_personales></Antecedentes_personales>
					<Patologia_materna></Patologia_materna>
					<Riesgos_especificos>Embarazo prolongado</Riesgos_especificos>
					<Exposicion_a_teratogenos>Fármacos</Exposicion_a_teratogenos>
				</Factor_de_riesgo_prenatal>
				<Informe Informe="">
					<Licencia_medico></Licencia_medico>
					<Estado_paciente></Estado_paciente>
					<Diagnostico></Diagnostico>
					<idConsulta></idConsulta>
					<Fecha_consulta></Fecha_consulta>
					<Prueba idPrueba="">
						<idPrueba_externo></idPrueba_externo>
						<Nombre></Nombre>
						<Observaciones></Observaciones>
						<Tipo></Tipo>
					</Prueba>
					<ICD_10>
						<Codigo_ICD_10></Codigo_ICD_10>
					</ICD_10>
				</Informe>
			</Historial>
		</Paciente>
</bbTrack>
