<?xml version = '1.0' encoding = 'UTF-8'?>
<Relation class="oracle.dbtools.crest.model.design.logical.Relation" name="es_madre" directorySegmentName="seg_0" id="52D3F956-83D7-5646-0F9C-E2D8AB7FA3C1">
<createdBy>juanlu</createdBy>
<createdTime>2018-10-18 07:49:41 UTC</createdTime>
<ownerDesignName>bbTrack</ownerDesignName>
<engineerTo>
<item key="0449A6B4-022A-3F13-3CD0-4A63CACE5371" value="true"/>
</engineerTo>
<targetPk>D505A7B7-208A-D2DD-00C9-9DBCDDD368D4</targetPk>
<identifying>false</identifying>
<optionalSource>true</optionalSource>
<optionalTarget>false</optionalTarget>
<sourceCardinality>1</sourceCardinality>
<sourceEntity>468C87F5-FFF9-8A4E-28F7-6B0BBC8B16B8</sourceEntity>
<targetCardinalityString>*</targetCardinalityString>
<targetEntity>468C87F5-FFF9-8A4E-28F7-6B0BBC8B16B8</targetEntity>
<transferable>true</transferable>
<deleteRule>NO ACTION</deleteRule>
</Relation>