<?xml version = '1.0' encoding = 'UTF-8'?>
<Relation class="oracle.dbtools.crest.model.design.logical.Relation" name="esta_formadov1" directorySegmentName="seg_0" id="813F6CA3-17F4-51C0-DB78-5088F93B64E4">
<createdBy>juanlu</createdBy>
<createdTime>2018-10-21 10:19:28 UTC</createdTime>
<ownerDesignName>bbTrack</ownerDesignName>
<engineerTo>
<item key="16A2EC31-D6BC-93CC-CBBE-C15E87A6A7C4" value="true"/>
</engineerTo>
<sourcePk>96343C54-EB76-4197-2AC3-8E4D2E4266F9</sourcePk>
<identifying>false</identifying>
<optionalSource>false</optionalSource>
<optionalTarget>false</optionalTarget>
<sourceCardinality>1</sourceCardinality>
<sourceEntity>52A98F70-3FE9-B7C2-F30B-8732F86CE715</sourceEntity>
<targetCardinalityString>*</targetCardinalityString>
<targetEntity>5446708F-D58A-01FD-23F4-32A2AEDC2E3B</targetEntity>
<transferable>true</transferable>
<deleteRule>NO ACTION</deleteRule>
</Relation>