<?xml version = '1.0' encoding = 'UTF-8'?>
<Relation class="oracle.dbtools.crest.model.design.logical.Relation" name="es_atendido" directorySegmentName="seg_0" id="C4535234-AE9C-CA91-2AEC-294CC87F847E">
<createdBy>juanlu</createdBy>
<createdTime>2018-10-21 09:51:48 UTC</createdTime>
<ownerDesignName>bbTrack</ownerDesignName>
<engineerTo>
<item key="A896BFF6-4506-2154-F0C8-54F12C102487" value="true"/>
</engineerTo>
<identifying>false</identifying>
<optionalSource>true</optionalSource>
<optionalTarget>true</optionalTarget>
<sourceCardinality>*</sourceCardinality>
<sourceEntity>468C87F5-FFF9-8A4E-28F7-6B0BBC8B16B8</sourceEntity>
<targetCardinalityString>*</targetCardinalityString>
<targetEntity>6AC5E3C4-4A80-4360-803A-E9788C68C24E</targetEntity>
<transferable>true</transferable>
<deleteRule>NO ACTION</deleteRule>
</Relation>