<?xml version = '1.0' encoding = 'UTF-8'?>
<Relation class="oracle.dbtools.crest.model.design.logical.Relation" name="genera" directorySegmentName="seg_0" id="CFF65223-8FE9-9E3B-37E4-FAACAD8A665A">
<createdBy>juanlu</createdBy>
<createdTime>2018-10-21 10:05:31 UTC</createdTime>
<ownerDesignName>bbTrack</ownerDesignName>
<engineerTo>
<item key="A896BFF6-4506-2154-F0C8-54F12C102487" value="true"/>
</engineerTo>
<sourcePk>9467CBB4-6AE9-5DDF-0E22-CFA255B5529F</sourcePk>
<identifying>false</identifying>
<optionalSource>true</optionalSource>
<optionalTarget>false</optionalTarget>
<sourceCardinality>1</sourceCardinality>
<sourceEntity>493C1A54-1F39-B987-5648-4612E919882D</sourceEntity>
<targetCardinalityString>*</targetCardinalityString>
<targetEntity>5446708F-D58A-01FD-23F4-32A2AEDC2E3B</targetEntity>
<transferable>true</transferable>
<deleteRule>NO ACTION</deleteRule>
</Relation>