<?xml version = '1.0' encoding = 'UTF-8'?>
<Relation class="oracle.dbtools.crest.model.design.logical.Relation" name="esta_formado" directorySegmentName="seg_0" id="EB3A3C80-FB1A-F023-F075-583F4A4394E5">
<createdBy>juanlu</createdBy>
<createdTime>2018-10-21 10:13:00 UTC</createdTime>
<ownerDesignName>bbTrack</ownerDesignName>
<engineerTo>
<item key="43F743DA-127E-DF21-F3B4-275DAC917F87" value="true"/>
</engineerTo>
<sourcePk>2BCD6111-C598-01E6-9C0E-51C80CCA7BF3</sourcePk>
<identifying>false</identifying>
<optionalSource>true</optionalSource>
<optionalTarget>false</optionalTarget>
<sourceCardinality>1</sourceCardinality>
<sourceEntity>5446708F-D58A-01FD-23F4-32A2AEDC2E3B</sourceEntity>
<targetCardinalityString>*</targetCardinalityString>
<targetEntity>F2CB608C-663C-E6C3-4D14-3FF6A48EFDAB</targetEntity>
<transferable>true</transferable>
<deleteRule>NO ACTION</deleteRule>
</Relation>