<?xml version = '1.0' encoding = 'UTF-8'?>
<Relation class="oracle.dbtools.crest.model.design.logical.Relation" name="tiene" directorySegmentName="seg_0" id="F1672D51-36B4-182D-AB91-12F9F29AB6CD">
<createdBy>juanlu</createdBy>
<createdTime>2018-10-18 07:51:55 UTC</createdTime>
<ownerDesignName>bbTrack</ownerDesignName>
<engineerTo>
<item key="0449A6B4-022A-3F13-3CD0-4A63CACE5371" value="true"/>
</engineerTo>
<sourcePk>D505A7B7-208A-D2DD-00C9-9DBCDDD368D4</sourcePk>
<identifying>true</identifying>
<optionalSource>true</optionalSource>
<optionalTarget>false</optionalTarget>
<sourceCardinality>1</sourceCardinality>
<sourceEntity>468C87F5-FFF9-8A4E-28F7-6B0BBC8B16B8</sourceEntity>
<targetCardinalityString>*</targetCardinalityString>
<targetEntity>52A98F70-3FE9-B7C2-F30B-8732F86CE715</targetEntity>
<transferable>true</transferable>
<deleteRule>NO ACTION</deleteRule>
</Relation>