<?xml version = '1.0' encoding = 'UTF-8'?>
<Relation class="oracle.dbtools.crest.model.design.logical.Relation" name="manda" directorySegmentName="seg_0" id="12B00A1F-B0D8-1EDC-295F-29A9C8E36781">
<createdBy>juanlu</createdBy>
<createdTime>2018-10-21 09:56:10 UTC</createdTime>
<ownerDesignName>bbTrack</ownerDesignName>
<engineerTo>
<item key="A896BFF6-4506-2154-F0C8-54F12C102487" value="true"/>
</engineerTo>
<sourcePk>7C206B0D-E534-DB0A-18FA-0372183184A1</sourcePk>
<identifying>false</identifying>
<optionalSource>true</optionalSource>
<optionalTarget>false</optionalTarget>
<sourceCardinality>1</sourceCardinality>
<sourceEntity>6AC5E3C4-4A80-4360-803A-E9788C68C24E</sourceEntity>
<targetCardinalityString>*</targetCardinalityString>
<targetEntity>F2CB608C-663C-E6C3-4D14-3FF6A48EFDAB</targetEntity>
<transferable>true</transferable>
<deleteRule>NO ACTION</deleteRule>
</Relation>