<?xml version = '1.0' encoding = 'UTF-8'?>
<Relation class="oracle.dbtools.crest.model.design.logical.Relation" name="atiende" directorySegmentName="seg_0" id="5C344109-7F38-EF90-581A-1E55F3CDAFBE">
<createdBy>juanlu</createdBy>
<createdTime>2018-10-18 07:57:59 UTC</createdTime>
<ownerDesignName>bbTrack</ownerDesignName>
<engineerTo>
<item key="0449A6B4-022A-3F13-3CD0-4A63CACE5371" value="true"/>
</engineerTo>
<identifying>false</identifying>
<optionalSource>false</optionalSource>
<optionalTarget>false</optionalTarget>
<sourceCardinality>*</sourceCardinality>
<sourceEntity>493C1A54-1F39-B987-5648-4612E919882D</sourceEntity>
<targetCardinalityString>*</targetCardinalityString>
<targetEntity>6AC5E3C4-4A80-4360-803A-E9788C68C24E</targetEntity>
<transferable>true</transferable>
<deleteRule>NO ACTION</deleteRule>
</Relation>