<?xml version = '1.0' encoding = 'UTF-8'?>
<Relation class="oracle.dbtools.crest.model.design.logical.Relation" name="asiste_a" directorySegmentName="seg_0" id="9D2EAF7B-1653-39E2-CD22-CBF958BF523F">
<createdBy>juanlu</createdBy>
<createdTime>2018-10-18 07:57:06 UTC</createdTime>
<ownerDesignName>bbTrack</ownerDesignName>
<engineerTo>
<item key="43F743DA-127E-DF21-F3B4-275DAC917F87" value="true"/>
</engineerTo>
<sourcePk>9467CBB4-6AE9-5DDF-0E22-CFA255B5529F</sourcePk>
<identifying>false</identifying>
<optionalSource>true</optionalSource>
<optionalTarget>true</optionalTarget>
<sourceCardinality>*</sourceCardinality>
<sourceEntity>493C1A54-1F39-B987-5648-4612E919882D</sourceEntity>
<targetCardinalityString>*</targetCardinalityString>
<targetEntity>468C87F5-FFF9-8A4E-28F7-6B0BBC8B16B8</targetEntity>
<transferable>true</transferable>
<deleteRule>NO ACTION</deleteRule>
<attributes itemClass="oracle.dbtools.crest.model.design.logical.Attribute">
<attribute name="Fecha_consulta" id="FFC865DB-DB26-9C29-5020-445FF24710B9">
<createdBy>juanlu</createdBy>
<createdTime>2018-10-21 09:33:10 UTC</createdTime>
<ownerDesignName>bbTrack</ownerDesignName>
<engineerTo>
<item key="43F743DA-127E-DF21-F3B4-275DAC917F87" value="true"/>
</engineerTo>
<nullsAllowed>true</nullsAllowed>
<useDomainConstraints>false</useDomainConstraints>
<use>1</use>
<logicalDatatype>LOGDT008</logicalDatatype>
<ownDataTypeParameters>,,</ownDataTypeParameters>
</attribute>
<attribute name="Es_urgente" id="8883AA1C-81CA-3A6E-A779-1CA8E31D714C">
<createdBy>juanlu</createdBy>
<createdTime>2018-10-21 09:33:17 UTC</createdTime>
<ownerDesignName>bbTrack</ownerDesignName>
<engineerTo>
<item key="43F743DA-127E-DF21-F3B4-275DAC917F87" value="true"/>
</engineerTo>
<nullsAllowed>true</nullsAllowed>
<useDomainConstraints>false</useDomainConstraints>
<use>1</use>
<logicalDatatype>LOGDT006</logicalDatatype>
<dataTypeSize>1 CHAR</dataTypeSize>
<ownDataTypeParameters>1 CHAR,,</ownDataTypeParameters>
</attribute>
</attributes>
</Relation>