<?xml version = '1.0' encoding = 'UTF-8'?>
<Entity class="oracle.dbtools.crest.model.design.logical.Entity" directorySegmentName="seg_0" id="468C87F5-FFF9-8A4E-28F7-6B0BBC8B16B8" name="PACIENTE">
<createdBy>juanlu</createdBy>
<createdTime>2018-10-18 07:32:34 UTC</createdTime>
<ownerDesignName>bbTrack</ownerDesignName>
<engineerTo>
<item key="43F743DA-127E-DF21-F3B4-275DAC917F87" value="true"/>
</engineerTo>
<adequatelyNormalized>NO</adequatelyNormalized>
<expectedVolumes>0</expectedVolumes>
<fwdEngineeringStrategyName>Single Table</fwdEngineeringStrategyName>
<growthPercent>0</growthPercent>
<growthType>Year</growthType>
<maxVolumes>9999999</maxVolumes>
<minVolumes>0</minVolumes>
<normalForm>Third</normalForm>
<attributes itemClass="oracle.dbtools.crest.model.design.logical.Attribute">
<Attribute name="IdPaciente" id="F6D19D85-C05A-92B6-76CF-25BF7FD90193">
<createdBy>juanlu</createdBy>
<createdTime>2018-10-18 07:32:47 UTC</createdTime>
<ownerDesignName>bbTrack</ownerDesignName>
<engineerTo>
<item key="43F743DA-127E-DF21-F3B4-275DAC917F87" value="true"/>
</engineerTo>
<useDomainConstraints>false</useDomainConstraints>
<use>1</use>
<logicalDatatype>LOGDT024</logicalDatatype>
<dataTypeSize>45 CHAR</dataTypeSize>
<ownDataTypeParameters>45 CHAR,,</ownDataTypeParameters>
</Attribute>
<Attribute name="Nombre" id="8A3E32EF-E0BE-1218-097A-C18A5AA6AD4B">
<createdBy>juanlu</createdBy>
<createdTime>2018-10-18 07:33:32 UTC</createdTime>
<ownerDesignName>bbTrack</ownerDesignName>
<engineerTo>
<item key="43F743DA-127E-DF21-F3B4-275DAC917F87" value="true"/>
</engineerTo>
<useDomainConstraints>false</useDomainConstraints>
<use>1</use>
<logicalDatatype>LOGDT024</logicalDatatype>
<dataTypeSize>45 CHAR</dataTypeSize>
<ownDataTypeParameters>45 CHAR,,</ownDataTypeParameters>
</Attribute>
<Attribute name="NUSS" id="73C10ED7-24D2-69FC-E024-3579B8694D3E">
<createdBy>juanlu</createdBy>
<createdTime>2018-10-18 07:33:32 UTC</createdTime>
<ownerDesignName>bbTrack</ownerDesignName>
<engineerTo>
<item key="43F743DA-127E-DF21-F3B4-275DAC917F87" value="true"/>
</engineerTo>
<useDomainConstraints>false</useDomainConstraints>
<use>1</use>
<logicalDatatype>LOGDT024</logicalDatatype>
<dataTypeSize>45 CHAR</dataTypeSize>
<ownDataTypeParameters>45 CHAR,,</ownDataTypeParameters>
</Attribute>
<Attribute name="Sexo" id="3E8C9A88-4DFF-ED05-CBA3-5904642174E2">
<createdBy>juanlu</createdBy>
<createdTime>2018-10-18 07:33:32 UTC</createdTime>
<ownerDesignName>bbTrack</ownerDesignName>
<engineerTo>
<item key="43F743DA-127E-DF21-F3B4-275DAC917F87" value="true"/>
</engineerTo>
<useDomainConstraints>false</useDomainConstraints>
<use>1</use>
<logicalDatatype>LOGDT024</logicalDatatype>
<dataTypeSize>45 CHAR</dataTypeSize>
<listOfValues>
<valueDef value="Hombre" description=""/>
<valueDef value="Mujer" description=""/>
</listOfValues>
<ownDataTypeParameters>45 CHAR,,</ownDataTypeParameters>
</Attribute>
<Attribute name="Fecha_Nacimiento" id="31C971BB-98B3-A724-437E-2192200D997D">
<createdBy>juanlu</createdBy>
<createdTime>2018-10-18 07:33:33 UTC</createdTime>
<ownerDesignName>bbTrack</ownerDesignName>
<engineerTo>
<item key="43F743DA-127E-DF21-F3B4-275DAC917F87" value="true"/>
</engineerTo>
<useDomainConstraints>false</useDomainConstraints>
<use>1</use>
<logicalDatatype>LOGDT008</logicalDatatype>
<ownDataTypeParameters>,,</ownDataTypeParameters>
</Attribute>
<Attribute name="Domicilio" id="212253BE-A9C0-5D7D-F87D-2C390765FBE3">
<createdBy>juanlu</createdBy>
<createdTime>2018-10-18 07:33:33 UTC</createdTime>
<ownerDesignName>bbTrack</ownerDesignName>
<engineerTo>
<item key="43F743DA-127E-DF21-F3B4-275DAC917F87" value="true"/>
</engineerTo>
<useDomainConstraints>false</useDomainConstraints>
<use>1</use>
<logicalDatatype>LOGDT024</logicalDatatype>
<dataTypeSize>100 CHAR</dataTypeSize>
<ownDataTypeParameters>100 CHAR,,</ownDataTypeParameters>
</Attribute>
<Attribute name="Apellidos" id="98038A1D-10FF-97D1-F3DC-0395659A76F3">
<createdBy>juanlu</createdBy>
<createdTime>2018-10-18 07:33:33 UTC</createdTime>
<ownerDesignName>bbTrack</ownerDesignName>
<engineerTo>
<item key="43F743DA-127E-DF21-F3B4-275DAC917F87" value="true"/>
</engineerTo>
<useDomainConstraints>false</useDomainConstraints>
<use>1</use>
<logicalDatatype>LOGDT024</logicalDatatype>
<dataTypeSize>45 CHAR</dataTypeSize>
<ownDataTypeParameters>45 CHAR,,</ownDataTypeParameters>
</Attribute>
<Attribute name="Localidad" id="997ADFCB-1367-1AC7-EB5D-D90D40AD8959">
<createdBy>juanlu</createdBy>
<createdTime>2018-10-18 07:38:03 UTC</createdTime>
<ownerDesignName>bbTrack</ownerDesignName>
<engineerTo>
<item key="43F743DA-127E-DF21-F3B4-275DAC917F87" value="true"/>
</engineerTo>
<useDomainConstraints>false</useDomainConstraints>
<use>1</use>
<logicalDatatype>LOGDT024</logicalDatatype>
<dataTypeSize>45 CHAR</dataTypeSize>
<ownDataTypeParameters>45 CHAR,,</ownDataTypeParameters>
</Attribute>
<Attribute name="IdPaciente1" id="91EB7F23-CE99-53EA-0EEA-B8098CE31552">
<createdBy>juanlu</createdBy>
<createdTime>2018-10-18 07:49:41 UTC</createdTime>
<generatorID>52D3F956-83D7-5646-0F9C-E2D8AB7FA3C1</generatorID>
<ownerDesignName>bbTrack</ownerDesignName>
<engineerTo>
<item key="43F743DA-127E-DF21-F3B4-275DAC917F87" value="true"/>
</engineerTo>
<nullsAllowed>true</nullsAllowed>
<referedAttribute>F6D19D85-C05A-92B6-76CF-25BF7FD90193</referedAttribute>
<useDomainConstraints>false</useDomainConstraints>
<use>1</use>
<logicalDatatype>LOGDT024</logicalDatatype>
<dataTypeSize>45 CHAR</dataTypeSize>
<ownDataTypeParameters>,,</ownDataTypeParameters>
</Attribute>
<Attribute name="Telefono" id="43E3556F-7393-5A83-3706-0779A1DCB3A9">
<createdBy>juanlu</createdBy>
<createdTime>2018-10-21 10:40:58 UTC</createdTime>
<ownerDesignName>bbTrack</ownerDesignName>
<engineerTo>
<item key="43F743DA-127E-DF21-F3B4-275DAC917F87" value="true"/>
</engineerTo>
<nullsAllowed>true</nullsAllowed>
<useDomainConstraints>false</useDomainConstraints>
<use>1</use>
<logicalDatatype>LOGDT024</logicalDatatype>
<dataTypeSize>13 CHAR</dataTypeSize>
<ownDataTypeParameters>13 CHAR,,</ownDataTypeParameters>
</Attribute>
<Attribute name="Correo_electrocnico" id="5148BC1D-C5D7-D5D6-7FB3-CAB481E730F1">
<createdBy>juanlu</createdBy>
<createdTime>2018-10-21 10:41:29 UTC</createdTime>
<ownerDesignName>bbTrack</ownerDesignName>
<engineerTo>
<item key="43F743DA-127E-DF21-F3B4-275DAC917F87" value="true"/>
</engineerTo>
<nullsAllowed>true</nullsAllowed>
<useDomainConstraints>false</useDomainConstraints>
<use>1</use>
<logicalDatatype>LOGDT024</logicalDatatype>
<dataTypeSize>45 CHAR</dataTypeSize>
<ownDataTypeParameters>45 CHAR,,</ownDataTypeParameters>
</Attribute>
</attributes>
<identifiers itemClass="oracle.dbtools.crest.model.design.logical.CandidateKey">
<identifier id="D505A7B7-208A-D2DD-00C9-9DBCDDD368D4" name="PACIENTE PK">
<createdBy>juanlu</createdBy>
<createdTime>2018-10-18 07:33:19 UTC</createdTime>
<ownerDesignName>bbTrack</ownerDesignName>
<engineerTo>
<item key="43F743DA-127E-DF21-F3B4-275DAC917F87" value="true"/>
</engineerTo>
<pk>true</pk>
<usedAttributes>
<attributeRef>F6D19D85-C05A-92B6-76CF-25BF7FD90193</attributeRef>
</usedAttributes>
</identifier>
</identifiers>
</Entity>