<?xml version = '1.0' encoding = 'UTF-8'?>
<Entity class="oracle.dbtools.crest.model.design.logical.Entity" directorySegmentName="seg_0" id="493C1A54-1F39-B987-5648-4612E919882D" name="CONSULTA">
<createdBy>juanlu</createdBy>
<createdTime>2018-10-18 07:45:40 UTC</createdTime>
<ownerDesignName>bbTrack</ownerDesignName>
<engineerTo>
<item key="43F743DA-127E-DF21-F3B4-275DAC917F87" value="true"/>
</engineerTo>
<adequatelyNormalized>NO</adequatelyNormalized>
<expectedVolumes>0</expectedVolumes>
<fwdEngineeringStrategyName>Single Table</fwdEngineeringStrategyName>
<growthPercent>0</growthPercent>
<growthType>Year</growthType>
<maxVolumes>9999999</maxVolumes>
<minVolumes>0</minVolumes>
<normalForm>Third</normalForm>
<attributes itemClass="oracle.dbtools.crest.model.design.logical.Attribute">
<Attribute name="IdConsulta" id="D09F8F7A-356A-7C0F-8B87-3EFD24D8BA8C">
<createdBy>juanlu</createdBy>
<createdTime>2018-10-18 07:46:09 UTC</createdTime>
<ownerDesignName>bbTrack</ownerDesignName>
<engineerTo>
<item key="43F743DA-127E-DF21-F3B4-275DAC917F87" value="true"/>
</engineerTo>
<useDomainConstraints>false</useDomainConstraints>
<use>1</use>
<logicalDatatype>LOGDT024</logicalDatatype>
<dataTypeSize>45 CHAR</dataTypeSize>
<ownDataTypeParameters>45 CHAR,,</ownDataTypeParameters>
</Attribute>
<Attribute name="Localización" id="61CD2F03-5F95-FC51-8176-C0CDD482F7CB">
<createdBy>juanlu</createdBy>
<createdTime>2018-10-18 07:46:17 UTC</createdTime>
<ownerDesignName>bbTrack</ownerDesignName>
<engineerTo>
<item key="43F743DA-127E-DF21-F3B4-275DAC917F87" value="true"/>
</engineerTo>
<useDomainConstraints>false</useDomainConstraints>
<use>1</use>
<logicalDatatype>LOGDT024</logicalDatatype>
<dataTypeSize>45 CHAR</dataTypeSize>
<ownDataTypeParameters>45 CHAR,,</ownDataTypeParameters>
</Attribute>
<Attribute name="Centro_sanitario" id="234CCDB1-BB71-96C8-0F79-6525B09A0BB1">
<createdBy>juanlu</createdBy>
<createdTime>2018-10-18 07:46:25 UTC</createdTime>
<ownerDesignName>bbTrack</ownerDesignName>
<engineerTo>
<item key="43F743DA-127E-DF21-F3B4-275DAC917F87" value="true"/>
</engineerTo>
<useDomainConstraints>false</useDomainConstraints>
<use>1</use>
<logicalDatatype>LOGDT024</logicalDatatype>
<dataTypeSize>45 CHAR</dataTypeSize>
<ownDataTypeParameters>45 CHAR,,</ownDataTypeParameters>
</Attribute>
</attributes>
<identifiers itemClass="oracle.dbtools.crest.model.design.logical.CandidateKey">
<identifier id="9467CBB4-6AE9-5DDF-0E22-CFA255B5529F" name="CONSULTA PK">
<createdBy>juanlu</createdBy>
<createdTime>2018-10-18 07:48:17 UTC</createdTime>
<ownerDesignName>bbTrack</ownerDesignName>
<engineerTo>
<item key="43F743DA-127E-DF21-F3B4-275DAC917F87" value="true"/>
</engineerTo>
<pk>true</pk>
<usedAttributes>
<attributeRef>D09F8F7A-356A-7C0F-8B87-3EFD24D8BA8C</attributeRef>
</usedAttributes>
</identifier>
</identifiers>
</Entity>