<?xml version = '1.0' encoding = 'UTF-8'?>
<Entity class="oracle.dbtools.crest.model.design.logical.Entity" directorySegmentName="seg_0" id="F2CB608C-663C-E6C3-4D14-3FF6A48EFDAB" name="PRUEBAS">
<createdBy>juanlu</createdBy>
<createdTime>2018-10-18 07:38:29 UTC</createdTime>
<ownerDesignName>bbTrack</ownerDesignName>
<engineerTo>
<item key="43F743DA-127E-DF21-F3B4-275DAC917F87" value="true"/>
</engineerTo>
<adequatelyNormalized>NO</adequatelyNormalized>
<expectedVolumes>0</expectedVolumes>
<fwdEngineeringStrategyName>Single Table</fwdEngineeringStrategyName>
<growthPercent>0</growthPercent>
<growthType>Year</growthType>
<maxVolumes>9999999</maxVolumes>
<minVolumes>0</minVolumes>
<normalForm>Third</normalForm>
<attributes itemClass="oracle.dbtools.crest.model.design.logical.Attribute">
<Attribute name="idPrueba" id="80501327-BC62-50C4-5DDF-8E2330D22C68">
<createdBy>juanlu</createdBy>
<createdTime>2018-10-18 07:38:36 UTC</createdTime>
<ownerDesignName>bbTrack</ownerDesignName>
<engineerTo>
<item key="43F743DA-127E-DF21-F3B4-275DAC917F87" value="true"/>
</engineerTo>
<useDomainConstraints>false</useDomainConstraints>
<use>1</use>
<logicalDatatype>LOGDT024</logicalDatatype>
<dataTypeSize>45 CHAR</dataTypeSize>
<ownDataTypeParameters>45 CHAR,,</ownDataTypeParameters>
</Attribute>
<Attribute name="Procedencia" id="EC0D00A1-BD6B-8298-28D5-67A50DD1B393">
<createdBy>juanlu</createdBy>
<createdTime>2018-10-18 07:38:37 UTC</createdTime>
<ownerDesignName>bbTrack</ownerDesignName>
<engineerTo>
<item key="43F743DA-127E-DF21-F3B4-275DAC917F87" value="true"/>
</engineerTo>
<useDomainConstraints>false</useDomainConstraints>
<use>1</use>
<logicalDatatype>LOGDT024</logicalDatatype>
<dataTypeSize>45 CHAR</dataTypeSize>
<ownDataTypeParameters>45 CHAR,,</ownDataTypeParameters>
</Attribute>
<Attribute name="Fecha_solicitud" id="46A2F1D3-75DE-DEB8-6974-333533EA1CCC">
<createdBy>juanlu</createdBy>
<createdTime>2018-10-18 07:38:37 UTC</createdTime>
<ownerDesignName>bbTrack</ownerDesignName>
<engineerTo>
<item key="43F743DA-127E-DF21-F3B4-275DAC917F87" value="true"/>
</engineerTo>
<useDomainConstraints>false</useDomainConstraints>
<use>1</use>
<logicalDatatype>LOGDT008</logicalDatatype>
<ownDataTypeParameters>,,</ownDataTypeParameters>
</Attribute>
<Attribute name="Fecha_prueba" id="3002FA67-4D99-4621-5DC0-1AC71FD1D6AF">
<createdBy>juanlu</createdBy>
<createdTime>2018-10-18 07:38:37 UTC</createdTime>
<ownerDesignName>bbTrack</ownerDesignName>
<engineerTo>
<item key="43F743DA-127E-DF21-F3B4-275DAC917F87" value="true"/>
</engineerTo>
<useDomainConstraints>false</useDomainConstraints>
<use>1</use>
<logicalDatatype>LOGDT008</logicalDatatype>
<ownDataTypeParameters>,,</ownDataTypeParameters>
</Attribute>
<Attribute name="Técnico" id="E843B9B7-A0DE-4FD7-8AB8-4D6954D54643">
<createdBy>juanlu</createdBy>
<createdTime>2018-10-18 07:38:37 UTC</createdTime>
<ownerDesignName>bbTrack</ownerDesignName>
<engineerTo>
<item key="43F743DA-127E-DF21-F3B4-275DAC917F87" value="true"/>
</engineerTo>
<useDomainConstraints>false</useDomainConstraints>
<use>1</use>
<logicalDatatype>LOGDT024</logicalDatatype>
<dataTypeSize>45 CHAR</dataTypeSize>
<ownDataTypeParameters>45 CHAR,,</ownDataTypeParameters>
</Attribute>
<Attribute name="Num_Licencia" id="B8B3C7B5-D23C-656B-62AD-D4F459E79B5F">
<createdBy>juanlu</createdBy>
<createdTime>2018-10-21 09:56:10 UTC</createdTime>
<generatorID>12B00A1F-B0D8-1EDC-295F-29A9C8E36781</generatorID>
<ownerDesignName>bbTrack</ownerDesignName>
<engineerTo>
<item key="43F743DA-127E-DF21-F3B4-275DAC917F87" value="true"/>
</engineerTo>
<referedAttribute>ADC9424D-6EFA-7516-E448-110BAFE11EBF</referedAttribute>
<useDomainConstraints>false</useDomainConstraints>
<use>1</use>
<logicalDatatype>LOGDT024</logicalDatatype>
<dataTypeSize>45 CHAR</dataTypeSize>
<ownDataTypeParameters>,,</ownDataTypeParameters>
</Attribute>
<Attribute name="idInforme" id="BF625199-5019-B2F6-F5DE-D69389A21627">
<createdBy>juanlu</createdBy>
<createdTime>2018-10-21 10:39:57 UTC</createdTime>
<generatorID>EB3A3C80-FB1A-F023-F075-583F4A4394E5</generatorID>
<ownerDesignName>bbTrack</ownerDesignName>
<engineerTo>
<item key="43F743DA-127E-DF21-F3B4-275DAC917F87" value="true"/>
</engineerTo>
<referedAttribute>0AFD8834-894A-CE8D-5E39-D636CBA00BE4</referedAttribute>
<useDomainConstraints>false</useDomainConstraints>
<use>1</use>
<logicalDatatype>LOGDT024</logicalDatatype>
<dataTypeSize>45 CHAR</dataTypeSize>
<ownDataTypeParameters>,,</ownDataTypeParameters>
</Attribute>
</attributes>
<identifiers itemClass="oracle.dbtools.crest.model.design.logical.CandidateKey">
<identifier id="36483507-84EE-CE56-0F0B-EFB86B5A23A4" name="PRUEBAS PK">
<createdBy>juanlu</createdBy>
<createdTime>2018-10-21 09:55:55 UTC</createdTime>
<ownerDesignName>bbTrack</ownerDesignName>
<engineerTo>
<item key="43F743DA-127E-DF21-F3B4-275DAC917F87" value="true"/>
</engineerTo>
<pk>true</pk>
<usedAttributes>
<attributeRef>80501327-BC62-50C4-5DDF-8E2330D22C68</attributeRef>
</usedAttributes>
</identifier>
</identifiers>
</Entity>