<?xml version = '1.0' encoding = 'UTF-8'?>
<Table class="oracle.dbtools.crest.model.design.relational.Table" directorySegmentName="seg_0" id="1D8A1954-6ED6-7E17-90C9-EEE38BAB35F0" name="INFORME">
<createdBy>juanlu</createdBy>
<createdTime>2018-10-21 10:20:01 UTC</createdTime>
<generatorID>5446708F-D58A-01FD-23F4-32A2AEDC2E3B</generatorID>
<ownerDesignName>bbTrack</ownerDesignName>
<allowColumnReorder>false</allowColumnReorder>
<existDependencyGenerateInDDl>true</existDependencyGenerateInDDl>
<parsed>true</parsed>
<columns itemClass="oracle.dbtools.crest.model.design.relational.Column">
<Column name="CONSULTA_IdConsulta" id="448AC8F7-B2EE-AE18-97F9-A4A01ACA6C29">
<createdBy>juanlu</createdBy>
<createdTime>2018-10-21 10:20:01 UTC</createdTime>
<generatorID>DA1B9957-1DC5-AD38-0806-4B8DD78DDAAE</generatorID>
<ownerDesignName>bbTrack</ownerDesignName>
<useDomainConstraints>false</useDomainConstraints>
<use>1</use>
<logicalDatatype>LOGDT024</logicalDatatype>
<dataTypeSize>45 CHAR</dataTypeSize>
<ownDataTypeParameters>,,</ownDataTypeParameters>
<previousColumn>false</previousColumn>
<autoIncrementCycle>false</autoIncrementCycle>
<associations>
<colAssociation fkAssociation="62247C71-CB22-0F7F-9F00-CB37F2018C49" referredColumn="F8CA0F06-39AA-5CB4-AA18-F915D754321B"/>
</associations>
</Column>
<Column name="idInforme" id="502B6E7F-1AA6-7ABE-5D29-9974ECDD6424">
<createdBy>juanlu</createdBy>
<createdTime>2018-10-21 10:20:01 UTC</createdTime>
<generatorID>0AFD8834-894A-CE8D-5E39-D636CBA00BE4</generatorID>
<ownerDesignName>bbTrack</ownerDesignName>
<use>0</use>
<ownDataTypeParameters>,,</ownDataTypeParameters>
<autoIncrementCycle>false</autoIncrementCycle>
</Column>
<Column name="Contenido" id="820E8486-7F25-FC84-0991-9675EB3CB416">
<createdBy>juanlu</createdBy>
<createdTime>2018-10-21 10:20:01 UTC</createdTime>
<generatorID>EC58977D-70A7-2D8E-BC86-06AA03DD69D7</generatorID>
<ownerDesignName>bbTrack</ownerDesignName>
<nullsAllowed>true</nullsAllowed>
<use>0</use>
<ownDataTypeParameters>,,</ownDataTypeParameters>
<autoIncrementCycle>false</autoIncrementCycle>
</Column>
<Column name="HISTORIAL_IdPaciente" id="3A9B002B-9953-6BA9-BFB9-E6A79A831FC9">
<createdBy>juanlu</createdBy>
<createdTime>2018-10-21 10:20:01 UTC</createdTime>
<generatorID>B37EE838-BE96-90B6-5CD6-EAA6B50F2750</generatorID>
<ownerDesignName>bbTrack</ownerDesignName>
<useDomainConstraints>false</useDomainConstraints>
<use>1</use>
<logicalDatatype>LOGDT024</logicalDatatype>
<dataTypeSize>45 CHAR</dataTypeSize>
<ownDataTypeParameters>,,</ownDataTypeParameters>
<previousColumn>false</previousColumn>
<autoIncrementCycle>false</autoIncrementCycle>
<associations>
<colAssociation fkAssociation="053AFFC7-F330-2B8D-1682-E1C72B50261A" referredColumn="4B748B1D-7C5D-6D60-4984-1EABCAB24683"/>
</associations>
</Column>
<Column name="HISTORIAL_IdInforme" id="455C497C-0BF6-9FB5-5E6C-D0066689B2C8">
<createdBy>juanlu</createdBy>
<createdTime>2018-10-21 10:20:01 UTC</createdTime>
<generatorID>12369511-53B4-67B0-CBE9-53AE6FB723A8</generatorID>
<ownerDesignName>bbTrack</ownerDesignName>
<useDomainConstraints>false</useDomainConstraints>
<use>1</use>
<logicalDatatype>LOGDT024</logicalDatatype>
<dataTypeSize>45</dataTypeSize>
<ownDataTypeParameters>,,</ownDataTypeParameters>
<previousColumn>false</previousColumn>
<autoIncrementCycle>false</autoIncrementCycle>
<associations>
<colAssociation fkAssociation="053AFFC7-F330-2B8D-1682-E1C72B50261A" referredColumn="32EB1A24-B37B-3C7A-23F7-24014A65FCD8"/>
</associations>
</Column>
</columns>
<indexes itemClass="oracle.dbtools.crest.model.design.relational.Index">
<ind_PK_UK id="6AA7C8C5-BCD0-A73A-226C-6071F88DEA4D" name="INFORME_PK">
<createdBy>juanlu</createdBy>
<createdTime>2018-10-21 10:20:01 UTC</createdTime>
<generatorID>2BCD6111-C598-01E6-9C0E-51C80CCA7BF3</generatorID>
<ownerDesignName>bbTrack</ownerDesignName>
<pk>true</pk>
<indexState>Primary Constraint</indexState>
<isSurrogateKey>false</isSurrogateKey>
<indexColumnUsage>
<colUsage columnID="502B6E7F-1AA6-7ABE-5D29-9974ECDD6424"/>
</indexColumnUsage>
</ind_PK_UK>
<ind_PK_UK id="FDA4844F-2643-9FCF-01F6-0FE6BD41210A" name="INFORME_HISTORIAL_FK">
<createdBy>juanlu</createdBy>
<createdTime>2018-10-21 10:20:01 UTC</createdTime>
<generatorID>813F6CA3-17F4-51C0-DB78-5088F93B64E4</generatorID>
<ownerDesignName>bbTrack</ownerDesignName>
<indexState>Foreign Key</indexState>
<isSurrogateKey>false</isSurrogateKey>
<indexColumnUsage>
<colUsage columnID="3A9B002B-9953-6BA9-BFB9-E6A79A831FC9"/>
<colUsage columnID="455C497C-0BF6-9FB5-5E6C-D0066689B2C8"/>
</indexColumnUsage>
</ind_PK_UK>
<ind_PK_UK id="599FB1EE-6178-8CB0-B472-476999A00540" name="INFORME_CONSULTA_FK">
<createdBy>juanlu</createdBy>
<createdTime>2018-10-21 10:20:01 UTC</createdTime>
<generatorID>CFF65223-8FE9-9E3B-37E4-FAACAD8A665A</generatorID>
<ownerDesignName>bbTrack</ownerDesignName>
<indexState>Foreign Key</indexState>
<isSurrogateKey>false</isSurrogateKey>
<indexColumnUsage>
<colUsage columnID="448AC8F7-B2EE-AE18-97F9-A4A01ACA6C29"/>
</indexColumnUsage>
</ind_PK_UK>
</indexes>
</Table>