<?xml version = '1.0' encoding = 'UTF-8'?>
<Table class="oracle.dbtools.crest.model.design.relational.Table" directorySegmentName="seg_0" id="D577868A-96C7-13A6-E71C-0887BB574484" name="CONSULTA">
<createdBy>juanlu</createdBy>
<createdTime>2018-10-21 10:20:01 UTC</createdTime>
<generatorID>493C1A54-1F39-B987-5648-4612E919882D</generatorID>
<ownerDesignName>bbTrack</ownerDesignName>
<allowColumnReorder>false</allowColumnReorder>
<existDependencyGenerateInDDl>true</existDependencyGenerateInDDl>
<parsed>true</parsed>
<columns itemClass="oracle.dbtools.crest.model.design.relational.Column">
<Column name="IdConsulta" id="F8CA0F06-39AA-5CB4-AA18-F915D754321B">
<createdBy>juanlu</createdBy>
<createdTime>2018-10-21 10:20:01 UTC</createdTime>
<generatorID>D09F8F7A-356A-7C0F-8B87-3EFD24D8BA8C</generatorID>
<ownerDesignName>bbTrack</ownerDesignName>
<useDomainConstraints>false</useDomainConstraints>
<use>1</use>
<logicalDatatype>LOGDT024</logicalDatatype>
<dataTypeSize>45 CHAR</dataTypeSize>
<ownDataTypeParameters>45 CHAR,,</ownDataTypeParameters>
<autoIncrementCycle>false</autoIncrementCycle>
</Column>
<Column name="Localización" id="6DE062FF-2780-6D19-6750-E113D07710B8">
<createdBy>juanlu</createdBy>
<createdTime>2018-10-21 10:20:01 UTC</createdTime>
<generatorID>61CD2F03-5F95-FC51-8176-C0CDD482F7CB</generatorID>
<ownerDesignName>bbTrack</ownerDesignName>
<nullsAllowed>true</nullsAllowed>
<useDomainConstraints>false</useDomainConstraints>
<use>1</use>
<logicalDatatype>LOGDT024</logicalDatatype>
<dataTypeSize>45 CHAR</dataTypeSize>
<ownDataTypeParameters>45 CHAR,,</ownDataTypeParameters>
<autoIncrementCycle>false</autoIncrementCycle>
</Column>
<Column name="Centro_sanitario" id="FC03E176-6292-31E1-355E-6DDCC08FAF79">
<createdBy>juanlu</createdBy>
<createdTime>2018-10-21 10:20:01 UTC</createdTime>
<generatorID>234CCDB1-BB71-96C8-0F79-6525B09A0BB1</generatorID>
<ownerDesignName>bbTrack</ownerDesignName>
<nullsAllowed>true</nullsAllowed>
<use>0</use>
<ownDataTypeParameters>,,</ownDataTypeParameters>
<autoIncrementCycle>false</autoIncrementCycle>
</Column>
</columns>
<indexes itemClass="oracle.dbtools.crest.model.design.relational.Index">
<ind_PK_UK id="0EADA936-C6ED-7680-232E-4FD831491683" name="CONSULTA_PK">
<createdBy>juanlu</createdBy>
<createdTime>2018-10-21 10:20:01 UTC</createdTime>
<generatorID>9467CBB4-6AE9-5DDF-0E22-CFA255B5529F</generatorID>
<ownerDesignName>bbTrack</ownerDesignName>
<pk>true</pk>
<indexState>Primary Constraint</indexState>
<isSurrogateKey>false</isSurrogateKey>
<indexColumnUsage>
<colUsage columnID="F8CA0F06-39AA-5CB4-AA18-F915D754321B"/>
</indexColumnUsage>
</ind_PK_UK>
</indexes>
</Table>