<?xml version = '1.0' encoding = 'UTF-8'?>
<Table class="oracle.dbtools.crest.model.design.relational.Table" directorySegmentName="seg_0" id="DBF487DB-A8F2-3419-E0A9-33985CF536DB" name="es_atendido">
<createdBy>juanlu</createdBy>
<createdTime>2018-10-21 10:20:01 UTC</createdTime>
<ownerDesignName>bbTrack</ownerDesignName>
<allowColumnReorder>false</allowColumnReorder>
<existDependencyGenerateInDDl>true</existDependencyGenerateInDDl>
<parsed>true</parsed>
<columns itemClass="oracle.dbtools.crest.model.design.relational.Column">
<Column name="PACIENTE_IdPaciente" id="D802CA4E-90BF-BA98-AEEA-D4CA6805029E">
<createdBy>juanlu</createdBy>
<createdTime>2018-10-21 10:20:01 UTC</createdTime>
<ownerDesignName>bbTrack</ownerDesignName>
<useDomainConstraints>false</useDomainConstraints>
<use>1</use>
<logicalDatatype>LOGDT024</logicalDatatype>
<dataTypeSize>45 CHAR</dataTypeSize>
<ownDataTypeParameters>,,</ownDataTypeParameters>
<previousColumn>false</previousColumn>
<autoIncrementCycle>false</autoIncrementCycle>
<associations>
<colAssociation fkAssociation="A1B9C5AC-95E8-7D0D-00F5-1ACBF3E1DED4" referredColumn="6CD9E034-0E9C-BA55-94EE-1C5DB8AACC00"/>
</associations>
</Column>
<Column name="MÉDICO_Num_Licencia" id="738E1CED-2518-2B87-97FA-4FD33411627E">
<createdBy>juanlu</createdBy>
<createdTime>2018-10-21 10:20:01 UTC</createdTime>
<ownerDesignName>bbTrack</ownerDesignName>
<useDomainConstraints>false</useDomainConstraints>
<use>1</use>
<logicalDatatype>LOGDT024</logicalDatatype>
<dataTypeSize>45 CHAR</dataTypeSize>
<ownDataTypeParameters>,,</ownDataTypeParameters>
<previousColumn>false</previousColumn>
<autoIncrementCycle>false</autoIncrementCycle>
<associations>
<colAssociation fkAssociation="18295ED9-DBD2-0656-4B09-CA32C9346BBB" referredColumn="9AF9BC0D-C158-A65C-3ACA-ACAD49E58D44"/>
</associations>
</Column>
</columns>
<indexes itemClass="oracle.dbtools.crest.model.design.relational.Index">
<ind_PK_UK id="3547C86F-8A0E-EC56-466A-236348F33741" name="es_atendido_PK">
<createdBy>juanlu</createdBy>
<createdTime>2018-10-21 10:20:01 UTC</createdTime>
<ownerDesignName>bbTrack</ownerDesignName>
<pk>true</pk>
<indexState>Primary Constraint</indexState>
<isSurrogateKey>false</isSurrogateKey>
<indexColumnUsage>
<colUsage columnID="D802CA4E-90BF-BA98-AEEA-D4CA6805029E"/>
<colUsage columnID="738E1CED-2518-2B87-97FA-4FD33411627E"/>
</indexColumnUsage>
</ind_PK_UK>
<ind_PK_UK id="E0D012B0-F266-D64F-82BE-E41147093480" name="es_atendido_PACIENTE_FK">
<createdBy>juanlu</createdBy>
<createdTime>2018-10-21 10:20:01 UTC</createdTime>
<generatorID>C4535234-AE9C-CA91-2AEC-294CC87F847E</generatorID>
<ownerDesignName>bbTrack</ownerDesignName>
<indexState>Foreign Key</indexState>
<isSurrogateKey>false</isSurrogateKey>
<indexColumnUsage>
<colUsage columnID="D802CA4E-90BF-BA98-AEEA-D4CA6805029E"/>
</indexColumnUsage>
</ind_PK_UK>
<ind_PK_UK id="ACF526BB-96D9-EBFF-4218-3E78FA2FD2CB" name="es_atendido_MÉDICO_FK">
<createdBy>juanlu</createdBy>
<createdTime>2018-10-21 10:20:01 UTC</createdTime>
<generatorID>C4535234-AE9C-CA91-2AEC-294CC87F847E</generatorID>
<ownerDesignName>bbTrack</ownerDesignName>
<indexState>Foreign Key</indexState>
<isSurrogateKey>false</isSurrogateKey>
<indexColumnUsage>
<colUsage columnID="738E1CED-2518-2B87-97FA-4FD33411627E"/>
</indexColumnUsage>
</ind_PK_UK>
</indexes>
</Table>