<?xml version = '1.0' encoding = 'UTF-8'?>
<Table class="oracle.dbtools.crest.model.design.relational.Table" directorySegmentName="seg_0" id="F7A40DE3-DDD6-F11A-51B5-FE411355DB58" name="atiende">
<createdBy>juanlu</createdBy>
<createdTime>2018-10-21 10:20:01 UTC</createdTime>
<ownerDesignName>bbTrack</ownerDesignName>
<allowColumnReorder>false</allowColumnReorder>
<existDependencyGenerateInDDl>true</existDependencyGenerateInDDl>
<parsed>true</parsed>
<columns itemClass="oracle.dbtools.crest.model.design.relational.Column">
<Column name="CONSULTA_IdConsulta" id="D230FBDB-D668-3799-6AE5-A1B9E122B537">
<createdBy>juanlu</createdBy>
<createdTime>2018-10-21 10:20:01 UTC</createdTime>
<ownerDesignName>bbTrack</ownerDesignName>
<useDomainConstraints>false</useDomainConstraints>
<use>1</use>
<logicalDatatype>LOGDT024</logicalDatatype>
<dataTypeSize>45 CHAR</dataTypeSize>
<ownDataTypeParameters>,,</ownDataTypeParameters>
<previousColumn>false</previousColumn>
<autoIncrementCycle>false</autoIncrementCycle>
<associations>
<colAssociation fkAssociation="61E735C8-9AA2-2BF1-227A-DF5B5372D9E1" referredColumn="F8CA0F06-39AA-5CB4-AA18-F915D754321B"/>
</associations>
</Column>
<Column name="MÉDICO_Num_Licencia" id="41346CB0-54D6-C059-583B-9A91E97742A6">
<createdBy>juanlu</createdBy>
<createdTime>2018-10-21 10:20:01 UTC</createdTime>
<ownerDesignName>bbTrack</ownerDesignName>
<useDomainConstraints>false</useDomainConstraints>
<use>1</use>
<logicalDatatype>LOGDT024</logicalDatatype>
<dataTypeSize>45 CHAR</dataTypeSize>
<ownDataTypeParameters>,,</ownDataTypeParameters>
<previousColumn>false</previousColumn>
<autoIncrementCycle>false</autoIncrementCycle>
<associations>
<colAssociation fkAssociation="57C5553C-D8BC-C708-C559-A60F5C39F7D2" referredColumn="9AF9BC0D-C158-A65C-3ACA-ACAD49E58D44"/>
</associations>
</Column>
</columns>
<indexes itemClass="oracle.dbtools.crest.model.design.relational.Index">
<ind_PK_UK id="AEE02A78-9CAD-5839-9AA5-344F15FE9CE7" name="atiende_PK">
<createdBy>juanlu</createdBy>
<createdTime>2018-10-21 10:20:01 UTC</createdTime>
<ownerDesignName>bbTrack</ownerDesignName>
<pk>true</pk>
<indexState>Primary Constraint</indexState>
<isSurrogateKey>false</isSurrogateKey>
<indexColumnUsage>
<colUsage columnID="D230FBDB-D668-3799-6AE5-A1B9E122B537"/>
<colUsage columnID="41346CB0-54D6-C059-583B-9A91E97742A6"/>
</indexColumnUsage>
</ind_PK_UK>
<ind_PK_UK id="3DABA748-8BAA-23DE-40DE-D232BEFDE86E" name="atiende_CONSULTA_FK">
<createdBy>juanlu</createdBy>
<createdTime>2018-10-21 10:20:01 UTC</createdTime>
<generatorID>5C344109-7F38-EF90-581A-1E55F3CDAFBE</generatorID>
<ownerDesignName>bbTrack</ownerDesignName>
<indexState>Foreign Key</indexState>
<isSurrogateKey>false</isSurrogateKey>
<indexColumnUsage>
<colUsage columnID="D230FBDB-D668-3799-6AE5-A1B9E122B537"/>
</indexColumnUsage>
</ind_PK_UK>
<ind_PK_UK id="85A4FA04-09ED-63F2-29DD-4B278F360694" name="atiende_MÉDICO_FK">
<createdBy>juanlu</createdBy>
<createdTime>2018-10-21 10:20:01 UTC</createdTime>
<generatorID>5C344109-7F38-EF90-581A-1E55F3CDAFBE</generatorID>
<ownerDesignName>bbTrack</ownerDesignName>
<indexState>Foreign Key</indexState>
<isSurrogateKey>false</isSurrogateKey>
<indexColumnUsage>
<colUsage columnID="41346CB0-54D6-C059-583B-9A91E97742A6"/>
</indexColumnUsage>
</ind_PK_UK>
</indexes>
</Table>