<?xml version = '1.0' encoding = 'UTF-8'?>
<FKIndexAssociation class="oracle.dbtools.crest.model.design.relational.FKIndexAssociation" directorySegmentName="seg_0" id="1D7FA661-90A0-7464-3430-3CA3BA5EB604" containerWithKeyObject="100B9AD8-8810-C328-2A27-9AD6AC75ECF4" localFKIndex="FA9CA566-8F56-3FF8-BE90-95EA9E4D7B32" name="INFORME_CONSULTA_FK">
<createdBy>juanlu</createdBy>
<createdTime>2018-10-21 10:42:25 UTC</createdTime>
<generatorID>CFF65223-8FE9-9E3B-37E4-FAACAD8A665A</generatorID>
<ownerDesignName>bbTrack</ownerDesignName>
<referredTableLongName>CONSULTA</referredTableLongName>
<deleteRule>NO ACTION</deleteRule>
<referredTableID>67D8FEF8-B693-5E5A-3182-AB8B3D7A8784</referredTableID>
<keyObject>131F5CBD-FB95-3053-379A-B7D69FA80DE6</keyObject>
<referredKeyID>131F5CBD-FB95-3053-379A-B7D69FA80DE6</referredKeyID>
<mandatory>true</mandatory>
<refColNames>IdConsulta</refColNames>
<transferable>true</transferable>
<rely>false</rely>
<columnDependencyConstraintGenerateInDDL>true</columnDependencyConstraintGenerateInDDL>
</FKIndexAssociation>