<?xml version = '1.0' encoding = 'UTF-8'?>
<FKIndexAssociation class="oracle.dbtools.crest.model.design.relational.FKIndexAssociation" directorySegmentName="seg_0" id="27FB3DB4-968B-71BC-21A3-4A0CCBC002C8" containerWithKeyObject="97718836-7104-5D93-6012-7890DFC280A4" localFKIndex="2D12F33F-9AEC-CDA1-831A-4AF1F1ED396C" name="asiste_a_PACIENTE_FK">
<createdBy>juanlu</createdBy>
<createdTime>2018-10-21 10:42:25 UTC</createdTime>
<generatorID>9D2EAF7B-1653-39E2-CD22-CBF958BF523F</generatorID>
<ownerDesignName>bbTrack</ownerDesignName>
<referredTableLongName>PACIENTE</referredTableLongName>
<deleteRule>NO ACTION</deleteRule>
<referredTableID>2063EF9C-84D8-DC5C-819F-5FFA03E82927</referredTableID>
<keyObject>BD637692-FD24-A8FF-2514-2052E59D98EF</keyObject>
<referredKeyID>BD637692-FD24-A8FF-2514-2052E59D98EF</referredKeyID>
<mandatory>true</mandatory>
<refColNames>IdPaciente</refColNames>
<transferable>true</transferable>
<rely>false</rely>
<columnDependencyConstraintGenerateInDDL>true</columnDependencyConstraintGenerateInDDL>
</FKIndexAssociation>