<?xml version = '1.0' encoding = 'UTF-8'?>
<FKIndexAssociation class="oracle.dbtools.crest.model.design.relational.FKIndexAssociation" directorySegmentName="seg_0" id="2D6F96DD-ECD7-6AAF-47BB-23976013B2AA" containerWithKeyObject="2063EF9C-84D8-DC5C-819F-5FFA03E82927" localFKIndex="C89CFCA9-AD02-3B39-6C0B-F415DC21DEF1" name="PACIENTE_PACIENTE_FK">
<createdBy>juanlu</createdBy>
<createdTime>2018-10-21 10:42:25 UTC</createdTime>
<generatorID>52D3F956-83D7-5646-0F9C-E2D8AB7FA3C1</generatorID>
<ownerDesignName>bbTrack</ownerDesignName>
<referredTableLongName>PACIENTE</referredTableLongName>
<deleteRule>NO ACTION</deleteRule>
<referredTableID>2063EF9C-84D8-DC5C-819F-5FFA03E82927</referredTableID>
<keyObject>BD637692-FD24-A8FF-2514-2052E59D98EF</keyObject>
<referredKeyID>BD637692-FD24-A8FF-2514-2052E59D98EF</referredKeyID>
<mandatory>true</mandatory>
<refColNames>IdPaciente</refColNames>
<transferable>true</transferable>
<rely>false</rely>
<columnDependencyConstraintGenerateInDDL>true</columnDependencyConstraintGenerateInDDL>
</FKIndexAssociation>