<?xml version = '1.0' encoding = 'UTF-8'?>
<FKIndexAssociation class="oracle.dbtools.crest.model.design.relational.FKIndexAssociation" directorySegmentName="seg_0" id="93A80394-5B75-B312-8366-F57625D529AA" containerWithKeyObject="A9E849FE-2867-6A73-47C6-52F911824897" localFKIndex="107BF871-BBBC-39E7-5947-DC9AF725854E" name="PRUEBAS_MÉDICO_FK">
<createdBy>juanlu</createdBy>
<createdTime>2018-10-21 10:42:25 UTC</createdTime>
<generatorID>12B00A1F-B0D8-1EDC-295F-29A9C8E36781</generatorID>
<ownerDesignName>bbTrack</ownerDesignName>
<referredTableLongName>MÉDICO</referredTableLongName>
<deleteRule>NO ACTION</deleteRule>
<referredTableID>58E85028-7F08-CE76-4C7B-AC286D23A55E</referredTableID>
<keyObject>2F344CC5-B42C-BBF4-F11E-965968BC0AC5</keyObject>
<referredKeyID>2F344CC5-B42C-BBF4-F11E-965968BC0AC5</referredKeyID>
<mandatory>true</mandatory>
<refColNames>Num_Licencia</refColNames>
<transferable>true</transferable>
<rely>false</rely>
<columnDependencyConstraintGenerateInDDL>true</columnDependencyConstraintGenerateInDDL>
</FKIndexAssociation>