<?xml version = '1.0' encoding = 'UTF-8'?>
<FKIndexAssociation class="oracle.dbtools.crest.model.design.relational.FKIndexAssociation" directorySegmentName="seg_0" id="AA681816-C579-89F6-A177-28325BD8F7A8" containerWithKeyObject="8A5757F7-9D72-112C-010D-920B625EAB68" localFKIndex="598E2143-C39A-9BFE-E3D7-E428870B2056" name="es_atendido_PACIENTE_FK">
<createdBy>juanlu</createdBy>
<createdTime>2018-10-21 10:42:25 UTC</createdTime>
<generatorID>C4535234-AE9C-CA91-2AEC-294CC87F847E</generatorID>
<ownerDesignName>bbTrack</ownerDesignName>
<referredTableLongName>PACIENTE</referredTableLongName>
<deleteRule>NO ACTION</deleteRule>
<referredTableID>2063EF9C-84D8-DC5C-819F-5FFA03E82927</referredTableID>
<keyObject>BD637692-FD24-A8FF-2514-2052E59D98EF</keyObject>
<referredKeyID>BD637692-FD24-A8FF-2514-2052E59D98EF</referredKeyID>
<mandatory>true</mandatory>
<refColNames>IdPaciente</refColNames>
<transferable>true</transferable>
<rely>false</rely>
<columnDependencyConstraintGenerateInDDL>true</columnDependencyConstraintGenerateInDDL>
</FKIndexAssociation>