<?xml version = '1.0' encoding = 'UTF-8'?>
<FKIndexAssociation class="oracle.dbtools.crest.model.design.relational.FKIndexAssociation" directorySegmentName="seg_0" id="AAAF1960-F4E9-6688-6353-4AD5C55F2D76" containerWithKeyObject="97718836-7104-5D93-6012-7890DFC280A4" localFKIndex="456085E9-D2B9-394F-0ADE-687C530CB3EB" name="asiste_a_CONSULTA_FK">
<createdBy>juanlu</createdBy>
<createdTime>2018-10-21 10:42:25 UTC</createdTime>
<generatorID>9D2EAF7B-1653-39E2-CD22-CBF958BF523F</generatorID>
<ownerDesignName>bbTrack</ownerDesignName>
<referredTableLongName>CONSULTA</referredTableLongName>
<deleteRule>NO ACTION</deleteRule>
<referredTableID>67D8FEF8-B693-5E5A-3182-AB8B3D7A8784</referredTableID>
<keyObject>131F5CBD-FB95-3053-379A-B7D69FA80DE6</keyObject>
<referredKeyID>131F5CBD-FB95-3053-379A-B7D69FA80DE6</referredKeyID>
<mandatory>true</mandatory>
<refColNames>IdConsulta</refColNames>
<transferable>true</transferable>
<rely>false</rely>
<columnDependencyConstraintGenerateInDDL>true</columnDependencyConstraintGenerateInDDL>
</FKIndexAssociation>