<?xml version = '1.0' encoding = 'UTF-8'?>
<FKIndexAssociation class="oracle.dbtools.crest.model.design.relational.FKIndexAssociation" directorySegmentName="seg_0" id="B4BDDE5E-1C30-6876-5DE3-86B86F2588EB" containerWithKeyObject="77D8C1DA-B8D0-5FC1-594A-A74F0A005249" localFKIndex="A1C7D37E-33B7-070F-1F53-939B6CF4BBE9" name="atiende_MÉDICO_FK">
<createdBy>juanlu</createdBy>
<createdTime>2018-10-21 10:42:25 UTC</createdTime>
<generatorID>5C344109-7F38-EF90-581A-1E55F3CDAFBE</generatorID>
<ownerDesignName>bbTrack</ownerDesignName>
<referredTableLongName>MÉDICO</referredTableLongName>
<deleteRule>NO ACTION</deleteRule>
<referredTableID>58E85028-7F08-CE76-4C7B-AC286D23A55E</referredTableID>
<keyObject>2F344CC5-B42C-BBF4-F11E-965968BC0AC5</keyObject>
<referredKeyID>2F344CC5-B42C-BBF4-F11E-965968BC0AC5</referredKeyID>
<mandatory>true</mandatory>
<refColNames>Num_Licencia</refColNames>
<transferable>true</transferable>
<rely>false</rely>
<columnDependencyConstraintGenerateInDDL>true</columnDependencyConstraintGenerateInDDL>
</FKIndexAssociation>