<?xml version = '1.0' encoding = 'UTF-8'?>
<FKIndexAssociation class="oracle.dbtools.crest.model.design.relational.FKIndexAssociation" directorySegmentName="seg_0" id="B5EB2F76-3779-8182-6881-3EE11887DAB9" containerWithKeyObject="100B9AD8-8810-C328-2A27-9AD6AC75ECF4" localFKIndex="A88803C4-F265-4396-33BC-A55D46BD9794" name="INFORME_HISTORIAL_FK">
<createdBy>juanlu</createdBy>
<createdTime>2018-10-21 10:42:25 UTC</createdTime>
<generatorID>813F6CA3-17F4-51C0-DB78-5088F93B64E4</generatorID>
<ownerDesignName>bbTrack</ownerDesignName>
<referredTableLongName>HISTORIAL</referredTableLongName>
<deleteRule>NO ACTION</deleteRule>
<referredTableID>86EB0303-3EF9-D1E9-B18A-26904FD43746</referredTableID>
<keyObject>BD00D58D-4B51-1DD9-B68D-1CD868D97ADE</keyObject>
<referredKeyID>BD00D58D-4B51-1DD9-B68D-1CD868D97ADE</referredKeyID>
<mandatory>true</mandatory>
<refColNames>PACIENTE_IdPaciente,IdHistorial</refColNames>
<transferable>true</transferable>
<rely>false</rely>
<columnDependencyConstraintGenerateInDDL>true</columnDependencyConstraintGenerateInDDL>
</FKIndexAssociation>