<?xml version = '1.0' encoding = 'UTF-8'?>
<FKIndexAssociation class="oracle.dbtools.crest.model.design.relational.FKIndexAssociation" directorySegmentName="seg_0" id="57C5553C-D8BC-C708-C559-A60F5C39F7D2" containerWithKeyObject="F7A40DE3-DDD6-F11A-51B5-FE411355DB58" localFKIndex="85A4FA04-09ED-63F2-29DD-4B278F360694" name="atiende_MÉDICO_FK">
<createdBy>juanlu</createdBy>
<createdTime>2018-10-21 10:20:01 UTC</createdTime>
<generatorID>5C344109-7F38-EF90-581A-1E55F3CDAFBE</generatorID>
<ownerDesignName>bbTrack</ownerDesignName>
<referredTableLongName>MÉDICO</referredTableLongName>
<deleteRule>NO ACTION</deleteRule>
<referredTableID>836B9B61-A735-9115-C0E0-70E8CDAC8942</referredTableID>
<keyObject>7A1CB4E0-7F75-DB4C-57F8-8F1AA9193DEF</keyObject>
<referredKeyID>7A1CB4E0-7F75-DB4C-57F8-8F1AA9193DEF</referredKeyID>
<mandatory>true</mandatory>
<refColNames>Num_Licencia</refColNames>
<transferable>true</transferable>
<rely>false</rely>
<columnDependencyConstraintGenerateInDDL>true</columnDependencyConstraintGenerateInDDL>
</FKIndexAssociation>