<?xml version = '1.0' encoding = 'UTF-8'?>
<FKIndexAssociation class="oracle.dbtools.crest.model.design.relational.FKIndexAssociation" directorySegmentName="seg_0" id="62247C71-CB22-0F7F-9F00-CB37F2018C49" containerWithKeyObject="1D8A1954-6ED6-7E17-90C9-EEE38BAB35F0" localFKIndex="599FB1EE-6178-8CB0-B472-476999A00540" name="INFORME_CONSULTA_FK">
<createdBy>juanlu</createdBy>
<createdTime>2018-10-21 10:20:01 UTC</createdTime>
<generatorID>CFF65223-8FE9-9E3B-37E4-FAACAD8A665A</generatorID>
<ownerDesignName>bbTrack</ownerDesignName>
<referredTableLongName>CONSULTA</referredTableLongName>
<deleteRule>NO ACTION</deleteRule>
<referredTableID>D577868A-96C7-13A6-E71C-0887BB574484</referredTableID>
<keyObject>0EADA936-C6ED-7680-232E-4FD831491683</keyObject>
<referredKeyID>0EADA936-C6ED-7680-232E-4FD831491683</referredKeyID>
<mandatory>true</mandatory>
<refColNames>IdConsulta</refColNames>
<transferable>true</transferable>
<rely>false</rely>
<columnDependencyConstraintGenerateInDDL>true</columnDependencyConstraintGenerateInDDL>
</FKIndexAssociation>