<?xml version = '1.0' encoding = 'UTF-8'?>
<FKIndexAssociation class="oracle.dbtools.crest.model.design.relational.FKIndexAssociation" directorySegmentName="seg_0" id="F7BA0F04-70EE-F045-A720-B523962E31A8" containerWithKeyObject="B9EB077C-6C64-792A-D350-0991358A8FA9" localFKIndex="84DFBE45-0768-63D2-A4DB-50C243499E95" name="asiste_a_PACIENTE_FK">
<createdBy>juanlu</createdBy>
<createdTime>2018-10-21 10:20:01 UTC</createdTime>
<generatorID>9D2EAF7B-1653-39E2-CD22-CBF958BF523F</generatorID>
<ownerDesignName>bbTrack</ownerDesignName>
<referredTableLongName>PACIENTE</referredTableLongName>
<deleteRule>NO ACTION</deleteRule>
<referredTableID>1DACF3F3-23F5-DAA4-75FF-FDB2DC93A081</referredTableID>
<keyObject>0D0BFA3E-CBEB-A3B4-7A02-E7D2D934C7F2</keyObject>
<referredKeyID>0D0BFA3E-CBEB-A3B4-7A02-E7D2D934C7F2</referredKeyID>
<mandatory>true</mandatory>
<refColNames>IdPaciente</refColNames>
<transferable>true</transferable>
<rely>false</rely>
<columnDependencyConstraintGenerateInDDL>true</columnDependencyConstraintGenerateInDDL>
</FKIndexAssociation>