<?xml version = '1.0' encoding = 'UTF-8'?>
<Diagram class="oracle.dbtools.crest.swingui.relational.DPVRelational" name="Relational_1" id="58D822E8-B812-EE0F-AD3A-C75079A58FB0">
<createdBy>juanlu</createdBy>
<modifiedBy>juanlu</modifiedBy>
<createdTime>2018-10-21 10:42:20 UTC</createdTime>
<autoRoute>false</autoRoute>
<boxInbox>true</boxInbox>
<showLegend>false</showLegend>
<showLabels>false</showLabels>
<showRelAttributes>false</showRelAttributes>
<gridEnabled>false</gridEnabled>
<showGrid>false</showGrid>
<diagramColor>-1</diagramColor>
<display>false</display>
<notation>1</notation>
<objectViews>
<OView class="oracle.dbtools.crest.swingui.relational.TVTable" oid="100B9AD8-8810-C328-2A27-9AD6AC75ECF4" otype="Table" vid="496C83EA-F415-6771-05D9-EE7126B35C9C">
<hideElementsInCurrentOnly>false</hideElementsInCurrentOnly>
<bounds x="127" y="436" width="174" height="124"/>
</OView>
<OView class="oracle.dbtools.crest.swingui.relational.TVTable" oid="2063EF9C-84D8-DC5C-819F-5FFA03E82927" otype="Table" vid="4F2768D7-2B33-285C-16D3-76BF7DFDCBE6">
<hideElementsInCurrentOnly>false</hideElementsInCurrentOnly>
<bounds x="22" y="7" width="217" height="221"/>
</OView>
<OView class="oracle.dbtools.crest.swingui.relational.TVTable" oid="58E85028-7F08-CE76-4C7B-AC286D23A55E" otype="Table" vid="C3ECED32-40B3-30CD-8F07-611A1A870E31">
<hideElementsInCurrentOnly>false</hideElementsInCurrentOnly>
<bounds x="698" y="14" width="156" height="124"/>
</OView>
<OView class="oracle.dbtools.crest.swingui.relational.TVTable" oid="67D8FEF8-B693-5E5A-3182-AB8B3D7A8784" otype="Table" vid="C5047D33-D2C0-A240-89F8-E578B00892DE">
<hideElementsInCurrentOnly>false</hideElementsInCurrentOnly>
<bounds x="334" y="279" width="138" height="90"/>
</OView>
<OView class="oracle.dbtools.crest.swingui.relational.TVTable" oid="77D8C1DA-B8D0-5FC1-594A-A74F0A005249" otype="Table" vid="CDE02B24-0485-859A-0DE8-F15CD06785D3">
<hideElementsInCurrentOnly>false</hideElementsInCurrentOnly>
<bounds x="576" y="210" width="170" height="110"/>
</OView>
<OView class="oracle.dbtools.crest.swingui.relational.TVTable" oid="86EB0303-3EF9-D1E9-B18A-26904FD43746" otype="Table" vid="767F0F7F-148F-B59C-0D74-C0C31EDFA2AE">
<hideElementsInCurrentOnly>false</hideElementsInCurrentOnly>
<bounds x="0" y="276" width="177" height="107"/>
</OView>
<OView class="oracle.dbtools.crest.swingui.relational.TVTable" oid="8A5757F7-9D72-112C-010D-920B625EAB68" otype="Table" vid="4E062699-16B7-89F5-50DE-CA151F5C9FA7">
<hideElementsInCurrentOnly>false</hideElementsInCurrentOnly>
<bounds x="420" y="24" width="170" height="110"/>
</OView>
<OView class="oracle.dbtools.crest.swingui.relational.TVTable" oid="97718836-7104-5D93-6012-7890DFC280A4" otype="Table" vid="7CC2D7B3-3E62-F4B8-155D-FBA57B7F50F6">
<hideElementsInCurrentOnly>false</hideElementsInCurrentOnly>
<bounds x="144" y="183" width="170" height="110"/>
</OView>
<OView class="oracle.dbtools.crest.swingui.relational.TVTable" oid="A9E849FE-2867-6A73-47C6-52F911824897" otype="Table" vid="7A735626-52D7-9EE0-7E6E-D7F83DC75A8E">
<hideElementsInCurrentOnly>false</hideElementsInCurrentOnly>
<bounds x="668" y="352" width="150" height="163"/>
</OView>
</objectViews>
<connectors>
<Connector class="oracle.dbtools.crest.swingui.relational.TVFKRelation" oid="1D7FA661-90A0-7464-3430-3CA3BA5EB604" otype="FKIndexAssociation" vid_source="C5047D33-D2C0-A240-89F8-E578B00892DE" vid_target="496C83EA-F415-6771-05D9-EE7126B35C9C">
<hideElementsInCurrentOnly>false</hideElementsInCurrentOnly>
<backgroundColor>-16777216</backgroundColor>
<lineWidth>1</lineWidth>
<points>
<point x="354" y="369"/>
<point x="281" y="436"/>
</points>
</Connector>
<Connector class="oracle.dbtools.crest.swingui.relational.TVFKRelation" oid="27FB3DB4-968B-71BC-21A3-4A0CCBC002C8" otype="FKIndexAssociation" vid_source="4F2768D7-2B33-285C-16D3-76BF7DFDCBE6" vid_target="7CC2D7B3-3E62-F4B8-155D-FBA57B7F50F6">
<hideElementsInCurrentOnly>false</hideElementsInCurrentOnly>
<backgroundColor>-16777216</backgroundColor>
<lineWidth>1</lineWidth>
<points>
<point x="239" y="205"/>
<point x="144" y="205"/>
</points>
</Connector>
<Connector class="oracle.dbtools.crest.swingui.relational.TVFKRelation" oid="2D6F96DD-ECD7-6AAF-47BB-23976013B2AA" otype="FKIndexAssociation" vid_source="4F2768D7-2B33-285C-16D3-76BF7DFDCBE6" vid_target="4F2768D7-2B33-285C-16D3-76BF7DFDCBE6">
<hideElementsInCurrentOnly>false</hideElementsInCurrentOnly>
<backgroundColor>-16777216</backgroundColor>
<lineWidth>1</lineWidth>
<points>
<point x="239" y="137"/>
<point x="289" y="137"/>
<point x="289" y="278"/>
<point x="149" y="278"/>
<point x="149" y="228"/>
</points>
</Connector>
<Connector class="oracle.dbtools.crest.swingui.relational.TVFKRelation" oid="440DF6CC-424D-439F-82CC-CE8FEAAF57FF" otype="FKIndexAssociation" vid_source="C5047D33-D2C0-A240-89F8-E578B00892DE" vid_target="CDE02B24-0485-859A-0DE8-F15CD06785D3">
<hideElementsInCurrentOnly>false</hideElementsInCurrentOnly>
<backgroundColor>-16777216</backgroundColor>
<lineWidth>1</lineWidth>
<points>
<point x="472" y="299"/>
<point x="576" y="299"/>
</points>
</Connector>
<Connector class="oracle.dbtools.crest.swingui.relational.TVFKRelation" oid="66C5D05E-D5F5-4B6D-68FC-354BECD195BE" otype="FKIndexAssociation" vid_source="C3ECED32-40B3-30CD-8F07-611A1A870E31" vid_target="4E062699-16B7-89F5-50DE-CA151F5C9FA7">
<hideElementsInCurrentOnly>false</hideElementsInCurrentOnly>
<backgroundColor>-16777216</backgroundColor>
<lineWidth>1</lineWidth>
<points>
<point x="698" y="79"/>
<point x="590" y="79"/>
</points>
</Connector>
<Connector class="oracle.dbtools.crest.swingui.relational.TVFKRelation" oid="93A80394-5B75-B312-8366-F57625D529AA" otype="FKIndexAssociation" vid_source="C3ECED32-40B3-30CD-8F07-611A1A870E31" vid_target="7A735626-52D7-9EE0-7E6E-D7F83DC75A8E">
<hideElementsInCurrentOnly>false</hideElementsInCurrentOnly>
<backgroundColor>-16777216</backgroundColor>
<lineWidth>1</lineWidth>
<points>
<point x="758" y="138"/>
<point x="758" y="352"/>
</points>
</Connector>
<Connector class="oracle.dbtools.crest.swingui.relational.TVFKRelation" oid="AA681816-C579-89F6-A177-28325BD8F7A8" otype="FKIndexAssociation" vid_source="4F2768D7-2B33-285C-16D3-76BF7DFDCBE6" vid_target="4E062699-16B7-89F5-50DE-CA151F5C9FA7">
<hideElementsInCurrentOnly>false</hideElementsInCurrentOnly>
<backgroundColor>-16777216</backgroundColor>
<lineWidth>1</lineWidth>
<points>
<point x="239" y="79"/>
<point x="420" y="79"/>
</points>
</Connector>
<Connector class="oracle.dbtools.crest.swingui.relational.TVFKRelation" oid="AAAF1960-F4E9-6688-6353-4AD5C55F2D76" otype="FKIndexAssociation" vid_source="C5047D33-D2C0-A240-89F8-E578B00892DE" vid_target="7CC2D7B3-3E62-F4B8-155D-FBA57B7F50F6">
<hideElementsInCurrentOnly>false</hideElementsInCurrentOnly>
<backgroundColor>-16777216</backgroundColor>
<lineWidth>1</lineWidth>
<points>
<point x="334" y="286"/>
<point x="314" y="286"/>
</points>
</Connector>
<Connector class="oracle.dbtools.crest.swingui.relational.TVFKRelation" oid="B21B824C-40A4-510F-09BB-3EE96DE50737" otype="FKIndexAssociation" vid_source="496C83EA-F415-6771-05D9-EE7126B35C9C" vid_target="7A735626-52D7-9EE0-7E6E-D7F83DC75A8E">
<hideElementsInCurrentOnly>false</hideElementsInCurrentOnly>
<backgroundColor>-16777216</backgroundColor>
<lineWidth>1</lineWidth>
<points>
<point x="301" y="475"/>
<point x="668" y="475"/>
</points>
</Connector>
<Connector class="oracle.dbtools.crest.swingui.relational.TVFKRelation" oid="B4BDDE5E-1C30-6876-5DE3-86B86F2588EB" otype="FKIndexAssociation" vid_source="C3ECED32-40B3-30CD-8F07-611A1A870E31" vid_target="CDE02B24-0485-859A-0DE8-F15CD06785D3">
<hideElementsInCurrentOnly>false</hideElementsInCurrentOnly>
<backgroundColor>-16777216</backgroundColor>
<lineWidth>1</lineWidth>
<points>
<point x="722" y="138"/>
<point x="722" y="210"/>
</points>
</Connector>
<Connector class="oracle.dbtools.crest.swingui.relational.TVFKRelation" oid="B5EB2F76-3779-8182-6881-3EE11887DAB9" otype="FKIndexAssociation" vid_source="767F0F7F-148F-B59C-0D74-C0C31EDFA2AE" vid_target="496C83EA-F415-6771-05D9-EE7126B35C9C">
<hideElementsInCurrentOnly>false</hideElementsInCurrentOnly>
<backgroundColor>-16777216</backgroundColor>
<lineWidth>1</lineWidth>
<points>
<point x="152" y="383"/>
<point x="152" y="436"/>
</points>
</Connector>
<Connector class="oracle.dbtools.crest.swingui.relational.TVFKRelation" oid="E784516B-40FF-0B46-8448-981A9F07F523" otype="FKIndexAssociation" vid_source="4F2768D7-2B33-285C-16D3-76BF7DFDCBE6" vid_target="767F0F7F-148F-B59C-0D74-C0C31EDFA2AE">
<hideElementsInCurrentOnly>false</hideElementsInCurrentOnly>
<backgroundColor>-16777216</backgroundColor>
<lineWidth>1</lineWidth>
<points>
<point x="99" y="228"/>
<point x="99" y="276"/>
</points>
</Connector>
</connectors>
</Diagram>