<?xml version = '1.0' encoding = 'UTF-8'?>
<FKIndexAssociation class="oracle.dbtools.crest.model.design.relational.FKIndexAssociation" directorySegmentName="seg_0" id="440DF6CC-424D-439F-82CC-CE8FEAAF57FF" containerWithKeyObject="77D8C1DA-B8D0-5FC1-594A-A74F0A005249" localFKIndex="1BB9C6A8-115A-BAEA-1E01-565A26AA1FFE" name="atiende_CONSULTA_FK">
<createdBy>juanlu</createdBy>
<createdTime>2018-10-21 10:42:25 UTC</createdTime>
<generatorID>5C344109-7F38-EF90-581A-1E55F3CDAFBE</generatorID>
<ownerDesignName>bbTrack</ownerDesignName>
<referredTableLongName>CONSULTA</referredTableLongName>
<deleteRule>NO ACTION</deleteRule>
<referredTableID>67D8FEF8-B693-5E5A-3182-AB8B3D7A8784</referredTableID>
<keyObject>131F5CBD-FB95-3053-379A-B7D69FA80DE6</keyObject>
<referredKeyID>131F5CBD-FB95-3053-379A-B7D69FA80DE6</referredKeyID>
<mandatory>true</mandatory>
<refColNames>IdConsulta</refColNames>
<transferable>true</transferable>
<rely>false</rely>
<columnDependencyConstraintGenerateInDDL>true</columnDependencyConstraintGenerateInDDL>
</FKIndexAssociation>