<?xml version = '1.0' encoding = 'UTF-8'?>
<FKIndexAssociation class="oracle.dbtools.crest.model.design.relational.FKIndexAssociation" directorySegmentName="seg_0" id="66C5D05E-D5F5-4B6D-68FC-354BECD195BE" containerWithKeyObject="8A5757F7-9D72-112C-010D-920B625EAB68" localFKIndex="C194F738-B583-EC2E-5159-58D83E7179EC" name="es_atendido_MÉDICO_FK">
<createdBy>juanlu</createdBy>
<createdTime>2018-10-21 10:42:25 UTC</createdTime>
<generatorID>C4535234-AE9C-CA91-2AEC-294CC87F847E</generatorID>
<ownerDesignName>bbTrack</ownerDesignName>
<referredTableLongName>MÉDICO</referredTableLongName>
<deleteRule>NO ACTION</deleteRule>
<referredTableID>58E85028-7F08-CE76-4C7B-AC286D23A55E</referredTableID>
<keyObject>2F344CC5-B42C-BBF4-F11E-965968BC0AC5</keyObject>
<referredKeyID>2F344CC5-B42C-BBF4-F11E-965968BC0AC5</referredKeyID>
<mandatory>true</mandatory>
<refColNames>Num_Licencia</refColNames>
<transferable>true</transferable>
<rely>false</rely>
<columnDependencyConstraintGenerateInDDL>true</columnDependencyConstraintGenerateInDDL>
</FKIndexAssociation>