<?xml version = '1.0' encoding = 'UTF-8'?>
<FKIndexAssociation class="oracle.dbtools.crest.model.design.relational.FKIndexAssociation" directorySegmentName="seg_0" id="B21B824C-40A4-510F-09BB-3EE96DE50737" containerWithKeyObject="A9E849FE-2867-6A73-47C6-52F911824897" localFKIndex="FDC74DB3-D4DD-1179-85B0-6A5EA8B9A31B" name="PRUEBAS_INFORME_FK">
<createdBy>juanlu</createdBy>
<createdTime>2018-10-21 10:42:25 UTC</createdTime>
<generatorID>EB3A3C80-FB1A-F023-F075-583F4A4394E5</generatorID>
<ownerDesignName>bbTrack</ownerDesignName>
<referredTableLongName>INFORME</referredTableLongName>
<deleteRule>NO ACTION</deleteRule>
<referredTableID>100B9AD8-8810-C328-2A27-9AD6AC75ECF4</referredTableID>
<keyObject>01B98972-DB2D-EC1B-B3E9-44AE8E5D4752</keyObject>
<referredKeyID>01B98972-DB2D-EC1B-B3E9-44AE8E5D4752</referredKeyID>
<mandatory>true</mandatory>
<refColNames>idInforme</refColNames>
<transferable>true</transferable>
<rely>false</rely>
<columnDependencyConstraintGenerateInDDL>true</columnDependencyConstraintGenerateInDDL>
</FKIndexAssociation>