<?xml version = '1.0' encoding = 'UTF-8'?>
<FKIndexAssociation class="oracle.dbtools.crest.model.design.relational.FKIndexAssociation" directorySegmentName="seg_0" id="E784516B-40FF-0B46-8448-981A9F07F523" containerWithKeyObject="86EB0303-3EF9-D1E9-B18A-26904FD43746" localFKIndex="2ABFBE0A-254C-0123-17F8-F3F57563385D" name="HISTORIAL_PACIENTE_FK">
<createdBy>juanlu</createdBy>
<createdTime>2018-10-21 10:42:25 UTC</createdTime>
<generatorID>F1672D51-36B4-182D-AB91-12F9F29AB6CD</generatorID>
<ownerDesignName>bbTrack</ownerDesignName>
<referredTableLongName>PACIENTE</referredTableLongName>
<deleteRule>NO ACTION</deleteRule>
<referredTableID>2063EF9C-84D8-DC5C-819F-5FFA03E82927</referredTableID>
<keyObject>BD637692-FD24-A8FF-2514-2052E59D98EF</keyObject>
<referredKeyID>BD637692-FD24-A8FF-2514-2052E59D98EF</referredKeyID>
<mandatory>true</mandatory>
<refColNames>IdPaciente</refColNames>
<transferable>true</transferable>
<rely>false</rely>
<columnDependencyConstraintGenerateInDDL>true</columnDependencyConstraintGenerateInDDL>
</FKIndexAssociation>