<?xml version = '1.0' encoding = 'UTF-8'?>
<Table class="oracle.dbtools.crest.model.design.relational.Table" directorySegmentName="seg_0" id="48F32AEC-45C5-DF7E-AF45-B23F18C65365" name="HISTORIAL">
<createdBy>juanlu</createdBy>
<createdTime>2018-10-21 10:20:01 UTC</createdTime>
<generatorID>52A98F70-3FE9-B7C2-F30B-8732F86CE715</generatorID>
<ownerDesignName>bbTrack</ownerDesignName>
<allowColumnReorder>false</allowColumnReorder>
<existDependencyGenerateInDDl>true</existDependencyGenerateInDDl>
<parsed>true</parsed>
<columns itemClass="oracle.dbtools.crest.model.design.relational.Column">
<Column name="Fecha_primera_consulta" id="E08F70A9-E924-3117-4DF3-6F9F1A20BEB1">
<createdBy>juanlu</createdBy>
<createdTime>2018-10-21 10:20:01 UTC</createdTime>
<generatorID>CC7F9B2B-4EE6-036C-7A7A-E58E6B1AF52C</generatorID>
<ownerDesignName>bbTrack</ownerDesignName>
<nullsAllowed>true</nullsAllowed>
<useDomainConstraints>false</useDomainConstraints>
<use>1</use>
<logicalDatatype>LOGDT008</logicalDatatype>
<ownDataTypeParameters>,,</ownDataTypeParameters>
<autoIncrementCycle>false</autoIncrementCycle>
</Column>
<Column name="Estado_paciente" id="B81DBEE3-93FE-6C93-95A4-3F19E46118E5">
<createdBy>juanlu</createdBy>
<createdTime>2018-10-21 10:20:01 UTC</createdTime>
<generatorID>2041A031-D1C0-D07D-298B-89F163448E2E</generatorID>
<ownerDesignName>bbTrack</ownerDesignName>
<nullsAllowed>true</nullsAllowed>
<useDomainConstraints>false</useDomainConstraints>
<use>1</use>
<logicalDatatype>LOGDT024</logicalDatatype>
<dataTypeSize>45</dataTypeSize>
<ownDataTypeParameters>45,,</ownDataTypeParameters>
<autoIncrementCycle>false</autoIncrementCycle>
</Column>
<Column name="IdInforme" id="32EB1A24-B37B-3C7A-23F7-24014A65FCD8">
<createdBy>juanlu</createdBy>
<createdTime>2018-10-21 10:20:01 UTC</createdTime>
<generatorID>48B5888A-067C-E6DE-7A85-7E99C28F0DE2</generatorID>
<ownerDesignName>bbTrack</ownerDesignName>
<useDomainConstraints>false</useDomainConstraints>
<use>1</use>
<logicalDatatype>LOGDT024</logicalDatatype>
<dataTypeSize>45</dataTypeSize>
<ownDataTypeParameters>45,,</ownDataTypeParameters>
<autoIncrementCycle>false</autoIncrementCycle>
</Column>
<Column name="PACIENTE_IdPaciente" id="4B748B1D-7C5D-6D60-4984-1EABCAB24683">
<createdBy>juanlu</createdBy>
<createdTime>2018-10-21 10:20:01 UTC</createdTime>
<generatorID>2578AD84-585E-E78E-A26F-B822C0761B17</generatorID>
<ownerDesignName>bbTrack</ownerDesignName>
<useDomainConstraints>false</useDomainConstraints>
<use>1</use>
<logicalDatatype>LOGDT024</logicalDatatype>
<dataTypeSize>45 CHAR</dataTypeSize>
<ownDataTypeParameters>,,</ownDataTypeParameters>
<previousColumn>false</previousColumn>
<autoIncrementCycle>false</autoIncrementCycle>
<associations>
<colAssociation fkAssociation="16DF4C89-463F-7D0D-17FE-4022A8134A1B" referredColumn="6CD9E034-0E9C-BA55-94EE-1C5DB8AACC00"/>
</associations>
</Column>
</columns>
<indexes itemClass="oracle.dbtools.crest.model.design.relational.Index">
<ind_PK_UK id="AB2954F4-C259-632B-6684-46D2C21522F9" name="HISTORIAL_PK">
<createdBy>juanlu</createdBy>
<createdTime>2018-10-21 10:20:01 UTC</createdTime>
<generatorID>96343C54-EB76-4197-2AC3-8E4D2E4266F9</generatorID>
<ownerDesignName>bbTrack</ownerDesignName>
<pk>true</pk>
<indexState>Primary Constraint</indexState>
<isSurrogateKey>false</isSurrogateKey>
<indexColumnUsage>
<colUsage columnID="4B748B1D-7C5D-6D60-4984-1EABCAB24683"/>
<colUsage columnID="32EB1A24-B37B-3C7A-23F7-24014A65FCD8"/>
</indexColumnUsage>
</ind_PK_UK>
<ind_PK_UK id="8CA53D0C-9AE5-CE92-8A0A-4F01D72B3608" name="HISTORIAL_PACIENTE_FK">
<createdBy>juanlu</createdBy>
<createdTime>2018-10-21 10:20:01 UTC</createdTime>
<generatorID>F1672D51-36B4-182D-AB91-12F9F29AB6CD</generatorID>
<ownerDesignName>bbTrack</ownerDesignName>
<indexState>Foreign Key</indexState>
<isSurrogateKey>false</isSurrogateKey>
<indexColumnUsage>
<colUsage columnID="4B748B1D-7C5D-6D60-4984-1EABCAB24683"/>
</indexColumnUsage>
</ind_PK_UK>
</indexes>
</Table>