<?xml version = '1.0' encoding = 'UTF-8'?>
<Table class="oracle.dbtools.crest.model.design.relational.Table" directorySegmentName="seg_0" id="6FDED0F3-39F6-3B71-F3C5-864290B40D5C" name="PRUEBAS">
<createdBy>juanlu</createdBy>
<createdTime>2018-10-21 10:20:01 UTC</createdTime>
<generatorID>F2CB608C-663C-E6C3-4D14-3FF6A48EFDAB</generatorID>
<ownerDesignName>bbTrack</ownerDesignName>
<allowColumnReorder>false</allowColumnReorder>
<existDependencyGenerateInDDl>true</existDependencyGenerateInDDl>
<parsed>true</parsed>
<columns itemClass="oracle.dbtools.crest.model.design.relational.Column">
<Column name="idPrueba" id="F6E46769-BEF5-7E4E-591A-6EF7C49139B9">
<createdBy>juanlu</createdBy>
<createdTime>2018-10-21 10:20:01 UTC</createdTime>
<generatorID>80501327-BC62-50C4-5DDF-8E2330D22C68</generatorID>
<ownerDesignName>bbTrack</ownerDesignName>
<useDomainConstraints>false</useDomainConstraints>
<use>1</use>
<logicalDatatype>LOGDT024</logicalDatatype>
<dataTypeSize>45 CHAR</dataTypeSize>
<ownDataTypeParameters>45 CHAR,,</ownDataTypeParameters>
<autoIncrementCycle>false</autoIncrementCycle>
</Column>
<Column name="Procedencia" id="F2C1577B-BACB-5933-2146-24D78B55F500">
<createdBy>juanlu</createdBy>
<createdTime>2018-10-21 10:20:01 UTC</createdTime>
<generatorID>EC0D00A1-BD6B-8298-28D5-67A50DD1B393</generatorID>
<ownerDesignName>bbTrack</ownerDesignName>
<useDomainConstraints>false</useDomainConstraints>
<use>1</use>
<logicalDatatype>LOGDT024</logicalDatatype>
<dataTypeSize>45 CHAR</dataTypeSize>
<ownDataTypeParameters>45 CHAR,,</ownDataTypeParameters>
<autoIncrementCycle>false</autoIncrementCycle>
</Column>
<Column name="Fecha_solicitud" id="9E768674-1CE4-E66F-7351-A78B6A0FD538">
<createdBy>juanlu</createdBy>
<createdTime>2018-10-21 10:20:01 UTC</createdTime>
<generatorID>46A2F1D3-75DE-DEB8-6974-333533EA1CCC</generatorID>
<ownerDesignName>bbTrack</ownerDesignName>
<useDomainConstraints>false</useDomainConstraints>
<use>1</use>
<logicalDatatype>LOGDT024</logicalDatatype>
<dataTypeSize>45 CHAR</dataTypeSize>
<ownDataTypeParameters>45 CHAR,,</ownDataTypeParameters>
<autoIncrementCycle>false</autoIncrementCycle>
</Column>
<Column name="Fecha_prueba" id="8F4B5A52-9950-98FE-667C-566C62A86B03">
<createdBy>juanlu</createdBy>
<createdTime>2018-10-21 10:20:01 UTC</createdTime>
<generatorID>3002FA67-4D99-4621-5DC0-1AC71FD1D6AF</generatorID>
<ownerDesignName>bbTrack</ownerDesignName>
<useDomainConstraints>false</useDomainConstraints>
<use>1</use>
<logicalDatatype>LOGDT024</logicalDatatype>
<dataTypeSize>45 CHAR</dataTypeSize>
<ownDataTypeParameters>45 CHAR,,</ownDataTypeParameters>
<autoIncrementCycle>false</autoIncrementCycle>
</Column>
<Column name="Técnico" id="444C5917-D1B0-EFCD-2861-F1F57ECFCD53">
<createdBy>juanlu</createdBy>
<createdTime>2018-10-21 10:20:01 UTC</createdTime>
<generatorID>E843B9B7-A0DE-4FD7-8AB8-4D6954D54643</generatorID>
<ownerDesignName>bbTrack</ownerDesignName>
<useDomainConstraints>false</useDomainConstraints>
<use>1</use>
<logicalDatatype>LOGDT024</logicalDatatype>
<dataTypeSize>45 CHAR</dataTypeSize>
<ownDataTypeParameters>45 CHAR,,</ownDataTypeParameters>
<autoIncrementCycle>false</autoIncrementCycle>
</Column>
<Column name="MÉDICO_Num_Licencia" id="126BB1DB-C287-1F44-C7E0-75F0E6491D58">
<createdBy>juanlu</createdBy>
<createdTime>2018-10-21 10:20:01 UTC</createdTime>
<generatorID>B8B3C7B5-D23C-656B-62AD-D4F459E79B5F</generatorID>
<ownerDesignName>bbTrack</ownerDesignName>
<useDomainConstraints>false</useDomainConstraints>
<use>1</use>
<logicalDatatype>LOGDT024</logicalDatatype>
<dataTypeSize>45 CHAR</dataTypeSize>
<ownDataTypeParameters>,,</ownDataTypeParameters>
<previousColumn>false</previousColumn>
<autoIncrementCycle>false</autoIncrementCycle>
<associations>
<colAssociation fkAssociation="A37C48B2-E7CF-A9E8-75B1-F9A1F69A726C" referredColumn="9AF9BC0D-C158-A65C-3ACA-ACAD49E58D44"/>
</associations>
</Column>
<Column name="INFORME_idInforme" id="2F91EA66-46C3-E167-E069-9D4A7974037D">
<createdBy>juanlu</createdBy>
<createdTime>2018-10-21 10:20:01 UTC</createdTime>
<generatorID>87A782F6-81FB-DEAC-0D9D-FDC697299F49</generatorID>
<ownerDesignName>bbTrack</ownerDesignName>
<use>0</use>
<ownDataTypeParameters>,,</ownDataTypeParameters>
<previousColumn>false</previousColumn>
<autoIncrementCycle>false</autoIncrementCycle>
<associations>
<colAssociation fkAssociation="E26748C4-E4C2-6ED9-ACFB-80E85B6319C2" referredColumn="502B6E7F-1AA6-7ABE-5D29-9974ECDD6424"/>
</associations>
</Column>
</columns>
<indexes itemClass="oracle.dbtools.crest.model.design.relational.Index">
<ind_PK_UK id="03F2D463-3312-E592-0F8E-1B2078484CD4" name="PRUEBAS_PK">
<createdBy>juanlu</createdBy>
<createdTime>2018-10-21 10:20:01 UTC</createdTime>
<generatorID>36483507-84EE-CE56-0F0B-EFB86B5A23A4</generatorID>
<ownerDesignName>bbTrack</ownerDesignName>
<pk>true</pk>
<indexState>Primary Constraint</indexState>
<isSurrogateKey>false</isSurrogateKey>
<indexColumnUsage>
<colUsage columnID="F6E46769-BEF5-7E4E-591A-6EF7C49139B9"/>
</indexColumnUsage>
</ind_PK_UK>
<ind_PK_UK id="E4058BC9-216E-ABFF-1412-8862F7395DEE" name="PRUEBAS_INFORME_FK">
<createdBy>juanlu</createdBy>
<createdTime>2018-10-21 10:20:01 UTC</createdTime>
<generatorID>EB3A3C80-FB1A-F023-F075-583F4A4394E5</generatorID>
<ownerDesignName>bbTrack</ownerDesignName>
<indexState>Foreign Key</indexState>
<isSurrogateKey>false</isSurrogateKey>
<indexColumnUsage>
<colUsage columnID="2F91EA66-46C3-E167-E069-9D4A7974037D"/>
</indexColumnUsage>
</ind_PK_UK>
<ind_PK_UK id="9F73708E-2E98-0EEE-7352-FC7FC1CB72D2" name="PRUEBAS_MÉDICO_FK">
<createdBy>juanlu</createdBy>
<createdTime>2018-10-21 10:20:01 UTC</createdTime>
<generatorID>12B00A1F-B0D8-1EDC-295F-29A9C8E36781</generatorID>
<ownerDesignName>bbTrack</ownerDesignName>
<indexState>Foreign Key</indexState>
<isSurrogateKey>false</isSurrogateKey>
<indexColumnUsage>
<colUsage columnID="126BB1DB-C287-1F44-C7E0-75F0E6491D58"/>
</indexColumnUsage>
</ind_PK_UK>
</indexes>
</Table>