<?xml version = '1.0' encoding = 'UTF-8'?>
<Table class="oracle.dbtools.crest.model.design.relational.Table" directorySegmentName="seg_0" id="B9EB077C-6C64-792A-D350-0991358A8FA9" name="asiste_a">
<createdBy>juanlu</createdBy>
<createdTime>2018-10-21 10:20:01 UTC</createdTime>
<ownerDesignName>bbTrack</ownerDesignName>
<allowColumnReorder>false</allowColumnReorder>
<existDependencyGenerateInDDl>true</existDependencyGenerateInDDl>
<parsed>true</parsed>
<columns itemClass="oracle.dbtools.crest.model.design.relational.Column">
<Column name="CONSULTA_IdConsulta" id="66777E46-D4F7-3E13-0D56-AD5EB3BC8AF2">
<createdBy>juanlu</createdBy>
<createdTime>2018-10-21 10:20:01 UTC</createdTime>
<ownerDesignName>bbTrack</ownerDesignName>
<useDomainConstraints>false</useDomainConstraints>
<use>1</use>
<logicalDatatype>LOGDT024</logicalDatatype>
<dataTypeSize>45 CHAR</dataTypeSize>
<ownDataTypeParameters>,,</ownDataTypeParameters>
<previousColumn>false</previousColumn>
<autoIncrementCycle>false</autoIncrementCycle>
<associations>
<colAssociation fkAssociation="3C722E03-5321-0850-AAB8-5B17EABC4D70" referredColumn="F8CA0F06-39AA-5CB4-AA18-F915D754321B"/>
</associations>
</Column>
<Column name="PACIENTE_IdPaciente" id="9D20A225-0402-2E2F-CFEA-FFB83E9B5286">
<createdBy>juanlu</createdBy>
<createdTime>2018-10-21 10:20:01 UTC</createdTime>
<ownerDesignName>bbTrack</ownerDesignName>
<useDomainConstraints>false</useDomainConstraints>
<use>1</use>
<logicalDatatype>LOGDT024</logicalDatatype>
<dataTypeSize>45 CHAR</dataTypeSize>
<ownDataTypeParameters>,,</ownDataTypeParameters>
<previousColumn>false</previousColumn>
<autoIncrementCycle>false</autoIncrementCycle>
<associations>
<colAssociation fkAssociation="F7BA0F04-70EE-F045-A720-B523962E31A8" referredColumn="6CD9E034-0E9C-BA55-94EE-1C5DB8AACC00"/>
</associations>
</Column>
<Column name="Fecha_consulta" id="BEA0E6C6-CF48-0400-4E33-96ABB4B46BB3">
<createdBy>juanlu</createdBy>
<createdTime>2018-10-21 10:20:01 UTC</createdTime>
<generatorID>FFC865DB-DB26-9C29-5020-445FF24710B9</generatorID>
<ownerDesignName>bbTrack</ownerDesignName>
<nullsAllowed>true</nullsAllowed>
<use>0</use>
<ownDataTypeParameters>,,</ownDataTypeParameters>
<autoIncrementCycle>false</autoIncrementCycle>
<isRelationshipColumn>true</isRelationshipColumn>
</Column>
<Column name="Es_urgente" id="1AB32FE4-F86B-0826-9B59-2650F5663AD4">
<createdBy>juanlu</createdBy>
<createdTime>2018-10-21 10:20:01 UTC</createdTime>
<generatorID>8883AA1C-81CA-3A6E-A779-1CA8E31D714C</generatorID>
<ownerDesignName>bbTrack</ownerDesignName>
<nullsAllowed>true</nullsAllowed>
<use>0</use>
<ownDataTypeParameters>,,</ownDataTypeParameters>
<autoIncrementCycle>false</autoIncrementCycle>
<isRelationshipColumn>true</isRelationshipColumn>
</Column>
</columns>
<indexes itemClass="oracle.dbtools.crest.model.design.relational.Index">
<ind_PK_UK id="D07FC301-F53B-7988-F9D2-6E03104A0D32" name="asiste_a_PK">
<createdBy>juanlu</createdBy>
<createdTime>2018-10-21 10:20:01 UTC</createdTime>
<ownerDesignName>bbTrack</ownerDesignName>
<pk>true</pk>
<indexState>Primary Constraint</indexState>
<isSurrogateKey>false</isSurrogateKey>
<indexColumnUsage>
<colUsage columnID="66777E46-D4F7-3E13-0D56-AD5EB3BC8AF2"/>
<colUsage columnID="9D20A225-0402-2E2F-CFEA-FFB83E9B5286"/>
</indexColumnUsage>
</ind_PK_UK>
<ind_PK_UK id="75DA2A29-2867-8510-9FF1-61DF9A9FC17E" name="asiste_a_CONSULTA_FK">
<createdBy>juanlu</createdBy>
<createdTime>2018-10-21 10:20:01 UTC</createdTime>
<generatorID>9D2EAF7B-1653-39E2-CD22-CBF958BF523F</generatorID>
<ownerDesignName>bbTrack</ownerDesignName>
<indexState>Foreign Key</indexState>
<isSurrogateKey>false</isSurrogateKey>
<indexColumnUsage>
<colUsage columnID="66777E46-D4F7-3E13-0D56-AD5EB3BC8AF2"/>
</indexColumnUsage>
</ind_PK_UK>
<ind_PK_UK id="84DFBE45-0768-63D2-A4DB-50C243499E95" name="asiste_a_PACIENTE_FK">
<createdBy>juanlu</createdBy>
<createdTime>2018-10-21 10:20:01 UTC</createdTime>
<generatorID>9D2EAF7B-1653-39E2-CD22-CBF958BF523F</generatorID>
<ownerDesignName>bbTrack</ownerDesignName>
<indexState>Foreign Key</indexState>
<isSurrogateKey>false</isSurrogateKey>
<indexColumnUsage>
<colUsage columnID="9D20A225-0402-2E2F-CFEA-FFB83E9B5286"/>
</indexColumnUsage>
</ind_PK_UK>
</indexes>
</Table>