<?xml version="1.0" encoding="UTF-8"?>
<?xml-stylesheet type="text/xsl" href="XSLPaciente.xsl"?>
<bbTrack xmlns:xsi="http://www.w3.org/2001/XMLSchema-instance" xsi:noNamespaceSchemaLocation="XSDPaciente.xsd">
		<Paciente idPaciente="12288">
			<NUSS>AN-12288</NUSS>
			<Nombre>Dolores</Nombre>
			<Apellidos>Ruiz Calzado</Apellidos>
			<Sexo>Mujer</Sexo>
			<Fecha_nacimiento>1997-03-08</Fecha_nacimiento>
			<Domicilio>C/Torres 58</Domicilio>
			<Localidad>Alhaurin de la Torre</Localidad>
			<Correo_electronico>doloresRi@bbtrack.es</Correo_electronico>
			<Telefono>627550890</Telefono>
			<Embarazada>1</Embarazada>
			<Historial idHistorial="">
				<Fecha_primera_consulta></Fecha_primera_consulta>
				<Vacunas></Vacunas>
				<Factor_de_riesgo_prenatal>
					<Antecedentes_familiares></Antecedentes_familiares>
					<Factores_psicosociales></Factores_psicosociales>
					<Antecedentes_obstetricos></Antecedentes_obstetricos>
					<Antecedentes_personales></Antecedentes_personales>
					<Patologia_materna></Patologia_materna>
					<Riesgos_especificos></Riesgos_especificos>
					<Exposicion_a_teratogenos></Exposicion_a_teratogenos>
				</Factor_de_riesgo_prenatal>
				<Informe Informe="">
					<Licencia_medico></Licencia_medico>
					<Estado_paciente></Estado_paciente>
					<Diagnostico></Diagnostico>
					<idConsulta></idConsulta>
					<Fecha_consulta></Fecha_consulta>
					<Prueba idPrueba="">
						<idPrueba_externo></idPrueba_externo>
						<Nombre></Nombre>
						<Observaciones></Observaciones>
						<Tipo></Tipo>
					</Prueba>
					<ICD_10>
						<Codigo_ICD_10></Codigo_ICD_10>
					</ICD_10>
				</Informe>
			</Historial>
		</Paciente>
</bbTrack>
