<?xml version="1.0" encoding="UTF-8"?>
<?xml-stylesheet type="text/xsl" href="XSLPaciente.xsl"?>
<bbTrack xmlns:xsi="http://www.w3.org/2001/XMLSchema-instance" xsi:noNamespaceSchemaLocation="XSDPaciente.xsd">
		<Paciente idPaciente="15854">
			<NUSS>AN-15854</NUSS>
			<Nombre>Araceli</Nombre>
			<Apellidos>Toscano Medina</Apellidos>
			<Sexo>Mujer</Sexo>
			<Fecha_nacimiento>1980-12-10</Fecha_nacimiento>
			<Domicilio>C/Julio de Tormes 46</Domicilio>
			<Localidad>Malaga</Localidad>
			<Correo_electronico>araceliTs@bbtrack.es</Correo_electronico>
			<Telefono>637565322</Telefono>
			<Embarazada>1</Embarazada>
			<Historial idHistorial="H-15854">
				<Fecha_primera_consulta>2019-03-03</Fecha_primera_consulta>
				<Vacunas></Vacunas>
				<Factor_de_riesgo_prenatal>
					<Antecedentes_familiares>Diabetes</Antecedentes_familiares>
					<Factores_psicosociales>Tabaco</Factores_psicosociales>
					<Antecedentes_obstetricos>aborto</Antecedentes_obstetricos>
					<Antecedentes_personales>diabetes</Antecedentes_personales>
					<Patologia_materna>Diabetes gestacional</Patologia_materna>
					<Riesgos_especificos>Amenaza de parto pretérmino</Riesgos_especificos>
					<Exposicion_a_teratogenos>Fármacos</Exposicion_a_teratogenos>
				</Factor_de_riesgo_prenatal>
				<Informe Informe="H-15854-202HC-190303">
					<Licencia_medico>M-98488</Licencia_medico>
					<Estado_paciente>Estable</Estado_paciente>
					<Diagnostico>Prueba rutinaria completada</Diagnostico>
					<idConsulta>2-02-HC</idConsulta>
					<Fecha_consulta>2019-03-03</Fecha_consulta>
					<ICD_10>
						<Codigo_ICD_10>O00.1</Codigo_ICD_10>
						<Codigo_ICD_10>O10.3</Codigo_ICD_10>
						<Codigo_ICD_10>O00.2</Codigo_ICD_10>
					</ICD_10>
					<Prueba idPrueba="P-1">
						<idPrueba_externo>P-15854-202HC-190303-1</idPrueba_externo>
						<Nombre>Analisis de sangre</Nombre>
						<Observaciones>Todo correcto</Observaciones>
						<Tipo>Rutinaria</Tipo>
					</Prueba>
					<Prueba idPrueba="P-3">
						<idPrueba_externo>P-15854-202HC-190303-2</idPrueba_externo>
						<Nombre>Amniocentesis</Nombre>
						<Observaciones>Todo correcto</Observaciones>
						<Tipo>Especial</Tipo>
					</Prueba>
				</Informe>
			</Historial>
		</Paciente>
</bbTrack>
