<?xml version="1.0" encoding="UTF-8"?>
<?xml-stylesheet type="text/xsl" href="XSLPaciente.xsl"?>
<bbTrack xmlns:xsi="http://www.w3.org/2001/XMLSchema-instance" xsi:noNamespaceSchemaLocation="XSDPaciente.xsd">
		<Paciente idPaciente="17084">
			<NUSS>AN-17084</NUSS>
			<Nombre>Celia</Nombre>
			<Apellidos>Del Bosque Santaella</Apellidos>
			<Sexo>Mujer</Sexo>
			<Fecha_nacimiento>1990-02-12</Fecha_nacimiento>
			<Domicilio>C/Torremolinos 47</Domicilio>
			<Localidad>Malaga</Localidad>
			<Correo_electronico>celiaDl@bbtrack.es</Correo_electronico>
			<Telefono>761635888</Telefono>
			<Embarazada>1</Embarazada>
			<Historial idHistorial="H-17084">
				<Fecha_primera_consulta>2019-07-07</Fecha_primera_consulta>
				<Vacunas></Vacunas>
				<Factor_de_riesgo_prenatal>
					<Antecedentes_familiares>Presencia de cromosomopatias</Antecedentes_familiares>
					<Factores_psicosociales>47 años</Factores_psicosociales>
					<Antecedentes_obstetricos>aborto</Antecedentes_obstetricos>
					<Antecedentes_personales>Obesidad. (IMC>27%)</Antecedentes_personales>
					<Patologia_materna></Patologia_materna>
					<Riesgos_especificos>Amenaza de parto pretérmino</Riesgos_especificos>
					<Exposicion_a_teratogenos></Exposicion_a_teratogenos>
				</Factor_de_riesgo_prenatal>
				<Informe Informe="H-17084-132HCH-190907">
					<Licencia_medico>M-99432</Licencia_medico>
					<Estado_paciente>Grave estable</Estado_paciente>
					<Diagnostico>Anginas</Diagnostico>
					<idConsulta>1-32-HCH</idConsulta>
					<Fecha_consulta>2019-09-07</Fecha_consulta>
					<ICD_10>
						<Codigo_ICD_10>O05.4</Codigo_ICD_10>
						<Codigo_ICD_10>O05.4</Codigo_ICD_10>
						<Codigo_ICD_10>O02.3</Codigo_ICD_10>
					</ICD_10>
					<Prueba idPrueba="">
						<idPrueba_externo></idPrueba_externo>
						<Nombre></Nombre>
						<Observaciones></Observaciones>
						<Tipo></Tipo>
					</Prueba>
				</Informe>
				<Informe Informe="H-17084-209HCH-190707">
					<Licencia_medico>M-23494</Licencia_medico>
					<Estado_paciente>Estable</Estado_paciente>
					<Diagnostico>Prueba rutinaria compleada</Diagnostico>
					<idConsulta>2-09-HCH</idConsulta>
					<Fecha_consulta>2019-07-07</Fecha_consulta>
					<ICD_10>
						<Codigo_ICD_10>O05.4</Codigo_ICD_10>
						<Codigo_ICD_10>O05.4</Codigo_ICD_10>
						<Codigo_ICD_10>O00.2</Codigo_ICD_10>
					</ICD_10>
					<Prueba idPrueba="P-2">
						<idPrueba_externo>P-17084-209HCH-190707-1</idPrueba_externo>
						<Nombre>Analisis de orina</Nombre>
						<Observaciones>Toco correcto</Observaciones>
						<Tipo>Rutinaria</Tipo>
					</Prueba>
					<Prueba idPrueba="P-4">
						<idPrueba_externo>P-17084-209HCH-190707-2</idPrueba_externo>
						<Nombre>Ecografia</Nombre>
						<Observaciones>Toco correcto</Observaciones>
						<Tipo>Rutinaria</Tipo>
					</Prueba>
				</Informe>
			</Historial>
		</Paciente>
</bbTrack>
