<?xml version="1.0" encoding="UTF-8"?>
<?xml-stylesheet type="text/xsl" href="XSLPaciente.xsl"?>
<bbTrack xmlns:xsi="http://www.w3.org/2001/XMLSchema-instance" xsi:noNamespaceSchemaLocation="XSDPaciente.xsd">
		<Paciente idPaciente="17785">
			<NUSS>AN-17785</NUSS>
			<Nombre>Maria</Nombre>
			<Apellidos>Quiroga Lopez</Apellidos>
			<Sexo>Mujer</Sexo>
			<Fecha_nacimiento>1998-01-01</Fecha_nacimiento>
			<Domicilio>C/Andalucia 52</Domicilio>
			<Localidad>Malaga</Localidad>
			<Correo_electronico>mariaQi@bbtrack.es</Correo_electronico>
			<Telefono>685047012</Telefono>
			<Embarazada>1</Embarazada>
			<Historial idHistorial="H-17785">
				<Fecha_primera_consulta>2019-03-17</Fecha_primera_consulta>
				<Vacunas></Vacunas>
				<Factor_de_riesgo_prenatal>
					<Antecedentes_familiares></Antecedentes_familiares>
					<Factores_psicosociales>38 años</Factores_psicosociales>
					<Antecedentes_obstetricos>muerte neonatal anterior</Antecedentes_obstetricos>
					<Antecedentes_personales>diabetes</Antecedentes_personales>
					<Patologia_materna>Anemia</Patologia_materna>
					<Riesgos_especificos>Estática fetal anómala pasada la semana 36</Riesgos_especificos>
					<Exposicion_a_teratogenos>Fármacos</Exposicion_a_teratogenos>
				</Factor_de_riesgo_prenatal>
				<Informe Informe="H-17785-122HC-190317">
					<Licencia_medico>M-10938</Licencia_medico>
					<Estado_paciente>Grave estable</Estado_paciente>
					<Diagnostico>Solicitud de prueba de sangre debido a desmayo</Diagnostico>
					<idConsulta>1-22-HC</idConsulta>
					<Fecha_consulta>2019-03-17</Fecha_consulta>
					<ICD_10>
						<Codigo_ICD_10>O00.1</Codigo_ICD_10>
					</ICD_10>
					<Prueba idPrueba="">
						<idPrueba_externo></idPrueba_externo>
						<Nombre></Nombre>
						<Observaciones></Observaciones>
						<Tipo></Tipo>
					</Prueba>
				</Informe>
			</Historial>
		</Paciente>
</bbTrack>
