<?xml version = '1.0' encoding = 'UTF-8'?>
<FKIndexAssociation class="oracle.dbtools.crest.model.design.relational.FKIndexAssociation" directorySegmentName="seg_0" id="053AFFC7-F330-2B8D-1682-E1C72B50261A" containerWithKeyObject="1D8A1954-6ED6-7E17-90C9-EEE38BAB35F0" localFKIndex="FDA4844F-2643-9FCF-01F6-0FE6BD41210A" name="INFORME_HISTORIAL_FK">
<createdBy>juanlu</createdBy>
<createdTime>2018-10-21 10:20:01 UTC</createdTime>
<generatorID>813F6CA3-17F4-51C0-DB78-5088F93B64E4</generatorID>
<ownerDesignName>bbTrack</ownerDesignName>
<referredTableLongName>HISTORIAL</referredTableLongName>
<deleteRule>NO ACTION</deleteRule>
<referredTableID>48F32AEC-45C5-DF7E-AF45-B23F18C65365</referredTableID>
<keyObject>AB2954F4-C259-632B-6684-46D2C21522F9</keyObject>
<referredKeyID>AB2954F4-C259-632B-6684-46D2C21522F9</referredKeyID>
<mandatory>true</mandatory>
<refColNames>PACIENTE_IdPaciente,IdInforme</refColNames>
<transferable>true</transferable>
<rely>false</rely>
<columnDependencyConstraintGenerateInDDL>true</columnDependencyConstraintGenerateInDDL>
</FKIndexAssociation>