<?xml version = '1.0' encoding = 'UTF-8'?>
<FKIndexAssociation class="oracle.dbtools.crest.model.design.relational.FKIndexAssociation" directorySegmentName="seg_0" id="16DF4C89-463F-7D0D-17FE-4022A8134A1B" containerWithKeyObject="48F32AEC-45C5-DF7E-AF45-B23F18C65365" localFKIndex="8CA53D0C-9AE5-CE92-8A0A-4F01D72B3608" name="HISTORIAL_PACIENTE_FK">
<createdBy>juanlu</createdBy>
<createdTime>2018-10-21 10:20:01 UTC</createdTime>
<generatorID>F1672D51-36B4-182D-AB91-12F9F29AB6CD</generatorID>
<ownerDesignName>bbTrack</ownerDesignName>
<referredTableLongName>PACIENTE</referredTableLongName>
<deleteRule>NO ACTION</deleteRule>
<referredTableID>1DACF3F3-23F5-DAA4-75FF-FDB2DC93A081</referredTableID>
<keyObject>0D0BFA3E-CBEB-A3B4-7A02-E7D2D934C7F2</keyObject>
<referredKeyID>0D0BFA3E-CBEB-A3B4-7A02-E7D2D934C7F2</referredKeyID>
<mandatory>true</mandatory>
<refColNames>IdPaciente</refColNames>
<transferable>true</transferable>
<rely>false</rely>
<columnDependencyConstraintGenerateInDDL>true</columnDependencyConstraintGenerateInDDL>
</FKIndexAssociation>