<?xml version = '1.0' encoding = 'UTF-8'?>
<FKIndexAssociation class="oracle.dbtools.crest.model.design.relational.FKIndexAssociation" directorySegmentName="seg_0" id="18295ED9-DBD2-0656-4B09-CA32C9346BBB" containerWithKeyObject="DBF487DB-A8F2-3419-E0A9-33985CF536DB" localFKIndex="ACF526BB-96D9-EBFF-4218-3E78FA2FD2CB" name="es_atendido_MÉDICO_FK">
<createdBy>juanlu</createdBy>
<createdTime>2018-10-21 10:20:01 UTC</createdTime>
<generatorID>C4535234-AE9C-CA91-2AEC-294CC87F847E</generatorID>
<ownerDesignName>bbTrack</ownerDesignName>
<referredTableLongName>MÉDICO</referredTableLongName>
<deleteRule>NO ACTION</deleteRule>
<referredTableID>836B9B61-A735-9115-C0E0-70E8CDAC8942</referredTableID>
<keyObject>7A1CB4E0-7F75-DB4C-57F8-8F1AA9193DEF</keyObject>
<referredKeyID>7A1CB4E0-7F75-DB4C-57F8-8F1AA9193DEF</referredKeyID>
<mandatory>true</mandatory>
<refColNames>Num_Licencia</refColNames>
<transferable>true</transferable>
<rely>false</rely>
<columnDependencyConstraintGenerateInDDL>true</columnDependencyConstraintGenerateInDDL>
</FKIndexAssociation>