<?xml version = '1.0' encoding = 'UTF-8'?>
<FKIndexAssociation class="oracle.dbtools.crest.model.design.relational.FKIndexAssociation" directorySegmentName="seg_0" id="3C722E03-5321-0850-AAB8-5B17EABC4D70" containerWithKeyObject="B9EB077C-6C64-792A-D350-0991358A8FA9" localFKIndex="75DA2A29-2867-8510-9FF1-61DF9A9FC17E" name="asiste_a_CONSULTA_FK">
<createdBy>juanlu</createdBy>
<createdTime>2018-10-21 10:20:01 UTC</createdTime>
<generatorID>9D2EAF7B-1653-39E2-CD22-CBF958BF523F</generatorID>
<ownerDesignName>bbTrack</ownerDesignName>
<referredTableLongName>CONSULTA</referredTableLongName>
<deleteRule>NO ACTION</deleteRule>
<referredTableID>D577868A-96C7-13A6-E71C-0887BB574484</referredTableID>
<keyObject>0EADA936-C6ED-7680-232E-4FD831491683</keyObject>
<referredKeyID>0EADA936-C6ED-7680-232E-4FD831491683</referredKeyID>
<mandatory>true</mandatory>
<refColNames>IdConsulta</refColNames>
<transferable>true</transferable>
<rely>false</rely>
<columnDependencyConstraintGenerateInDDL>true</columnDependencyConstraintGenerateInDDL>
</FKIndexAssociation>