<?xml version = '1.0' encoding = 'UTF-8'?>
<FKIndexAssociation class="oracle.dbtools.crest.model.design.relational.FKIndexAssociation" directorySegmentName="seg_0" id="61E735C8-9AA2-2BF1-227A-DF5B5372D9E1" containerWithKeyObject="F7A40DE3-DDD6-F11A-51B5-FE411355DB58" localFKIndex="3DABA748-8BAA-23DE-40DE-D232BEFDE86E" name="atiende_CONSULTA_FK">
<createdBy>juanlu</createdBy>
<createdTime>2018-10-21 10:20:01 UTC</createdTime>
<generatorID>5C344109-7F38-EF90-581A-1E55F3CDAFBE</generatorID>
<ownerDesignName>bbTrack</ownerDesignName>
<referredTableLongName>CONSULTA</referredTableLongName>
<deleteRule>NO ACTION</deleteRule>
<referredTableID>D577868A-96C7-13A6-E71C-0887BB574484</referredTableID>
<keyObject>0EADA936-C6ED-7680-232E-4FD831491683</keyObject>
<referredKeyID>0EADA936-C6ED-7680-232E-4FD831491683</referredKeyID>
<mandatory>true</mandatory>
<refColNames>IdConsulta</refColNames>
<transferable>true</transferable>
<rely>false</rely>
<columnDependencyConstraintGenerateInDDL>true</columnDependencyConstraintGenerateInDDL>
</FKIndexAssociation>