<?xml version = '1.0' encoding = 'UTF-8'?>
<FKIndexAssociation class="oracle.dbtools.crest.model.design.relational.FKIndexAssociation" directorySegmentName="seg_0" id="A1B9C5AC-95E8-7D0D-00F5-1ACBF3E1DED4" containerWithKeyObject="DBF487DB-A8F2-3419-E0A9-33985CF536DB" localFKIndex="E0D012B0-F266-D64F-82BE-E41147093480" name="es_atendido_PACIENTE_FK">
<createdBy>juanlu</createdBy>
<createdTime>2018-10-21 10:20:01 UTC</createdTime>
<generatorID>C4535234-AE9C-CA91-2AEC-294CC87F847E</generatorID>
<ownerDesignName>bbTrack</ownerDesignName>
<referredTableLongName>PACIENTE</referredTableLongName>
<deleteRule>NO ACTION</deleteRule>
<referredTableID>1DACF3F3-23F5-DAA4-75FF-FDB2DC93A081</referredTableID>
<keyObject>0D0BFA3E-CBEB-A3B4-7A02-E7D2D934C7F2</keyObject>
<referredKeyID>0D0BFA3E-CBEB-A3B4-7A02-E7D2D934C7F2</referredKeyID>
<mandatory>true</mandatory>
<refColNames>IdPaciente</refColNames>
<transferable>true</transferable>
<rely>false</rely>
<columnDependencyConstraintGenerateInDDL>true</columnDependencyConstraintGenerateInDDL>
</FKIndexAssociation>