<?xml version = '1.0' encoding = 'UTF-8'?>
<FKIndexAssociation class="oracle.dbtools.crest.model.design.relational.FKIndexAssociation" directorySegmentName="seg_0" id="A37C48B2-E7CF-A9E8-75B1-F9A1F69A726C" containerWithKeyObject="6FDED0F3-39F6-3B71-F3C5-864290B40D5C" localFKIndex="9F73708E-2E98-0EEE-7352-FC7FC1CB72D2" name="PRUEBAS_MÉDICO_FK">
<createdBy>juanlu</createdBy>
<createdTime>2018-10-21 10:20:01 UTC</createdTime>
<generatorID>12B00A1F-B0D8-1EDC-295F-29A9C8E36781</generatorID>
<ownerDesignName>bbTrack</ownerDesignName>
<referredTableLongName>MÉDICO</referredTableLongName>
<deleteRule>NO ACTION</deleteRule>
<referredTableID>836B9B61-A735-9115-C0E0-70E8CDAC8942</referredTableID>
<keyObject>7A1CB4E0-7F75-DB4C-57F8-8F1AA9193DEF</keyObject>
<referredKeyID>7A1CB4E0-7F75-DB4C-57F8-8F1AA9193DEF</referredKeyID>
<mandatory>true</mandatory>
<refColNames>Num_Licencia</refColNames>
<transferable>true</transferable>
<rely>false</rely>
<columnDependencyConstraintGenerateInDDL>true</columnDependencyConstraintGenerateInDDL>
</FKIndexAssociation>