<?xml version = '1.0' encoding = 'UTF-8'?>
<FKIndexAssociation class="oracle.dbtools.crest.model.design.relational.FKIndexAssociation" directorySegmentName="seg_0" id="E26748C4-E4C2-6ED9-ACFB-80E85B6319C2" containerWithKeyObject="6FDED0F3-39F6-3B71-F3C5-864290B40D5C" localFKIndex="E4058BC9-216E-ABFF-1412-8862F7395DEE" name="PRUEBAS_INFORME_FK">
<createdBy>juanlu</createdBy>
<createdTime>2018-10-21 10:20:01 UTC</createdTime>
<generatorID>EB3A3C80-FB1A-F023-F075-583F4A4394E5</generatorID>
<ownerDesignName>bbTrack</ownerDesignName>
<referredTableLongName>INFORME</referredTableLongName>
<deleteRule>NO ACTION</deleteRule>
<referredTableID>1D8A1954-6ED6-7E17-90C9-EEE38BAB35F0</referredTableID>
<keyObject>6AA7C8C5-BCD0-A73A-226C-6071F88DEA4D</keyObject>
<referredKeyID>6AA7C8C5-BCD0-A73A-226C-6071F88DEA4D</referredKeyID>
<mandatory>true</mandatory>
<refColNames>idInforme</refColNames>
<transferable>true</transferable>
<rely>false</rely>
<columnDependencyConstraintGenerateInDDL>true</columnDependencyConstraintGenerateInDDL>
</FKIndexAssociation>