<?xml version = '1.0' encoding = 'UTF-8'?>
<FKIndexAssociation class="oracle.dbtools.crest.model.design.relational.FKIndexAssociation" directorySegmentName="seg_0" id="E79EE0A8-819E-3088-5A1E-7F543B56A3E1" containerWithKeyObject="1DACF3F3-23F5-DAA4-75FF-FDB2DC93A081" localFKIndex="4E904A99-F8DB-A110-37B6-58305A2D6DBC" name="PACIENTE_PACIENTE_FK">
<createdBy>juanlu</createdBy>
<createdTime>2018-10-21 10:20:01 UTC</createdTime>
<generatorID>52D3F956-83D7-5646-0F9C-E2D8AB7FA3C1</generatorID>
<ownerDesignName>bbTrack</ownerDesignName>
<referredTableLongName>PACIENTE</referredTableLongName>
<deleteRule>NO ACTION</deleteRule>
<referredTableID>1DACF3F3-23F5-DAA4-75FF-FDB2DC93A081</referredTableID>
<keyObject>0D0BFA3E-CBEB-A3B4-7A02-E7D2D934C7F2</keyObject>
<referredKeyID>0D0BFA3E-CBEB-A3B4-7A02-E7D2D934C7F2</referredKeyID>
<mandatory>true</mandatory>
<refColNames>IdPaciente</refColNames>
<transferable>true</transferable>
<rely>false</rely>
<columnDependencyConstraintGenerateInDDL>true</columnDependencyConstraintGenerateInDDL>
</FKIndexAssociation>